paper_id,title,year,doi,source_url
01-1108-NGO DUC LUU(1-7)316,Application of deep learning for rice leaf disease detection in the Mekong Delta,2024,10.22144/ctujoisd.2024.316,https://doi.org/10.22144/ctujoisd.2024.316
01-494-NGUYEN THI HOA CUC(1-6)258,The right to avoid the international sale of goods contract: Comparison of Viet Nam to CISG and PICC,2024,10.22144/ctujoisd.2024.258,https://doi.org/10.22144/ctujoisd.2024.258
01-497-A-LUONG HUYNH VU THANH(1-10)014,Synthesis and application of Fe3O4/GO/PVP composite material for methylene blue adsorption,2023,10.22144/ctu.jen.2023.014,https://doi.org/10.22144/ctu.jen.2023.014
01-580-AG-NGUYEN MINH LY(1-7)001,Molecular identification of Ralstonia pseudosolanacearum causing bacterial wilt in tomatoes from Da Nang by using Colony PCR,2023,10.22144/ctu.jen.2023.001,https://doi.org/10.22144/ctu.jen.2023.001
01-590-Shola H. Awojide(1-11)046,Synergistic and antagonistic medicinal activities of essential oil of Monodora myristica,2023,10.22144/ctujoisd.2023.046,https://doi.org/10.22144/ctujoisd.2023.046
01-671-BUI CONG GIAO(1-11)029,Similarity join over multiple time series under Dynamic Time Warping,2023,10.22144/ctujoisd.2023.029,https://doi.org/10.22144/ctujoisd.2023.029
01-704-LE THI TU ANH(1-9)286,Resistance of Citrus species (Citrus spp.) to the root lesion nematode Pratylenchus sp,2024,10.22144/ctujoisd.2024.286,https://doi.org/10.22144/ctujoisd.2024.286
01-764-TRONG PHUOC HUYNH(1-7)274,Utilizing coal combustion bottom ash as a sustainable alternative to natural aggregate in eco-friendly building bricks,2024,10.22144/ctujoisd.2024.274,https://doi.org/10.22144/ctujoisd.2024.274
01-881-LE THI ANH THU(1-8)301,Removal of tetracycline antibiotic from aqueous solution using bimetallic CuCo-ZIFs as an efficient catalyst in the presence of hydrogen peroxide,2024,10.22144/ctujoisd.2024.301,https://doi.org/10.22144/ctujoisd.2024.301
01-AE-HO QUOC PHONG(1-5)36,BIODIESEL SYNTHESIS FROM ALGAE (Chlorella SP.) IN CONDITION OF SUBCRITICAL METHANOL,2016,10.22144/ctu.jen.2016.036,https://doi.org/10.22144/ctu.jen.2016.036
01-AE-NGUYEN HOANG DUNG(1-11)001,Controlling the external device in real-time using eeg brain signals based on eyes states,2021,10.22144/ctu.jen.2021.001,https://doi.org/10.22144/ctu.jen.2021.001
01-AF-DEDAN KARANJA NJIHIA(1-8)034,Growth and survival performance of G2 crossbreeds from two strains of bighead catfish (Clarias macrocephalus),2021,10.22144/ctu.jen.2021.034,https://doi.org/10.22144/ctu.jen.2021.034
01-AG-DANG THI HOANG OANH(1-7)018,"Antibacterial resistance of Vibrio parahaemolyticus isolated from shrimp farms located in east coastal region of the Mekong Delta, Viet Nam",2022,10.22144/ctu.jen.2022.018,https://doi.org/10.22144/ctu.jen.2022.018
01-AG-DINH THI CHI(1-6)017,"Synthesis and field examinations of the sex pheromone of the diamondback moth, Plutella xylostella Linnaeus (Lepidoptera: Plutellidae) in the Mekong Delta of Vietnam",2018,10.22144/ctu.jen.2018.017,https://doi.org/10.22144/ctu.jen.2018.017
01-AG-NGUYEN HONG UNG(1-7)032,Effectiveness of green muscardine fungus Metarhizium anisopliae and some insecticides on lesser coconut weevil Diocalandra frumenti Fabricius (Coleoptera: Curculionidae),2018,10.22144/ctu.jen.2018.032,https://doi.org/10.22144/ctu.jen.2018.032
01-AG-NGUYEN HUU HAO(1-10)032,"Applying AHP method and GIS to evaluate land suitability for paddy rice crop in Quang Xuong district, Thanh Hoa province",2019,10.22144/ctu.jen.2019.032,https://doi.org/10.22144/ctu.jen.2019.032
01-AG-NGUYEN NGOC BAO CHAU(1-6)001,Antifeedant activity of essential oil Lantana camara L. against Spodoptera litura Fabr. (Lepidoptera: Noctuidae) and Plutella xylostella Curtis (Lepidoptera: Plutellidae),2019,10.22144/ctu.jen.2019.001,https://doi.org/10.22144/ctu.jen.2019.001
01-AG-PHAN NGOC NHI(1-7),EFFECTS OF COLOR LED LIGHT INTENSITIES AND DIFFERENT PHOTOPERIOD REGIMES ON GROWTH OF HYDROPONIC LETTUCE (Latuca sativa L.),2016,,
01-AG-VO QUANG MINH(1-6),THE SOIL FERTILITY CLASSIFICATION AND CONSTRAINTS FOR RICE CULTIVATION IN THE MEKONG DELTA,2016,10.22144/ctu.jen.2016.016,https://doi.org/10.22144/ctu.jen.2016.016
01-AG-VU VAN LONG(1-10)001,"Effects of pre-sowing seed treatments on rice yield, grain quality and soil chemical properties in salt-affected soils",2022,10.22144/ctu.jen.2022.001,https://doi.org/10.22144/ctu.jen.2022.001
01-AV-LE TRINH CAM LAI(1-8)017,Antimicrobial resistance of Escherichia coli causing edema disease in post-weaning pigs in Vinh Long province,2019,10.22144/ctu.jen.2019.017,https://doi.org/10.22144/ctu.jen.2019.017
01-AV-NGUYEN THANH HAI(1-7)001,Efficacy of PCDairy application in optimal ration formulation for milking cows on milk productivity and quality,2020,10.22144/ctu.jen.2020.001,https://doi.org/10.22144/ctu.jen.2020.001
01-AV-PHAN VU HAI(1-6)018,The dietary supplement efficiency of essential oil of chive (Allium macrostemon) on the productivity and health performance of broilers,2020,10.22144/ctu.jen.2020.018,https://doi.org/10.22144/ctu.jen.2020.018
01-BUI LE DIEM TRANG(1-11)024,Adoption of task-based language teaching at a primary school in Viet Nam: A case study,2021,10.22144/ctu.jen.2021.024,https://doi.org/10.22144/ctu.jen.2021.024
01-CE-DO XUAN HAI(1-9)001,SUB-DISCIPLINARY VARIATION IN THE MOVE STRUCTURE OF ENGLISH-MEDIUM RESEARCH ARTICLE INTRODUCTIONS IN APPLIED LINGUISTICS,2017,10.22144/ctu.jen.2017.001,https://doi.org/10.22144/ctu.jen.2017.001
01-E1-DANG MINH HIEN(1-7)088,Enzymatic hydrolysis of pangasius belly protein by-product using for Bacillus subtilis cultivation,2018,10.22144/ctu.jsi.2018.088,https://doi.org/10.22144/ctu.jsi.2018.088
01-ED-LE THI HONG CAM(1-8)020,A Phenomenological study of challenges encountered by mountainous high school students in Vietnam,2017,10.22144/ctu.jen.2017.020,https://doi.org/10.22144/ctu.jen.2017.020
01-FI-LE THI HONG GAM(1-8)001,Effects of nitrite exposure on haematological parameters and growth in clown knifefish,2018,10.22144/ctu.jen.2018.001,https://doi.org/10.22144/ctu.jen.2018.001
01-FI-NGUYEN THI NGOC ANH(1-9),EFFECT OF DIFFERENT DRYING METHODS ON TOTAL LIPID AND FATTY ACID PROFILES OF DRIED Artemia franciscana BIOMASS,2015,,
01-NS-HUYNH NHU THAO(1-8)009,Docking belinostat into HDAC 8 using autodock tool,2020,10.22144/ctu.jen.2020.009,https://doi.org/10.22144/ctu.jen.2020.009
02-1131-VU MINH THANG(8-16)317,Demonstration of Grover's algorithm for retrieving secret keys in a basic SPN block cipher,2024,10.22144/ctujoisd.2024.317,https://doi.org/10.22144/ctujoisd.2024.317
02-547-ED-PHUONG HOANG YEN(8-21)002,Students' perceptions of using note-taking in consecutive interpreting assignments,2023,10.22144/ctu.jen.2023.002,https://doi.org/10.22144/ctu.jen.2023.002
02-553-A-JAKE GRACES(11-19)015,"Rural peoples' perception, attitude, and engagement on invasive alien plants in Mount Manunggal, Cebu Island, Philippines",2023,10.22144/ctu.jen.2023.015,https://doi.org/10.22144/ctu.jen.2023.015
02-604-TRUONG VAN XA(12-22)047,Effects of seed soaking and foliar spraying of Kalanchoe pinnata aqueous leaf extracts against rice bacterial leaf blight,2023,10.22144/ctujoisd.2023.047,https://doi.org/10.22144/ctujoisd.2023.047
02-612-PHAM KHANH HUYEN(7-15)267,The frequency of occurrence of fungal pathogens associated with water hyacinth (Eichhornia crassipes) in Ho Chi Minh City and its harmful effects on plants,2024,10.22144/ctujoisd.2024.267,https://doi.org/10.22144/ctujoisd.2024.267
02-676-NGUYEN NGOC TA(12-19)030,An interpretable approach for trustworthy intrusion detection systems against evasion samples,2023,10.22144/ctujoisd.2023.030,https://doi.org/10.22144/ctujoisd.2023.030
02-717-NGO MY TRAN(10-24)287,Determinants on green purchasing behavior of generation Y: Empirical evidence in Can Tho city,2024,10.22144/ctujoisd.2024.287,https://doi.org/10.22144/ctujoisd.2024.287
02-824-DINH VAN DUY(8-13)275,"Shoreline evolution in adjacent to a coastal structure in Hiep Thanh commune, Duyen Hai district, Tra Vinh province",2024,10.22144/ctujoisd.2024.275,https://doi.org/10.22144/ctujoisd.2024.275
02-895-NGUYEN HOANG DUNG(9-20)302,Development of the intelligent traffic light system based on image processing and fuzzy control techniques,2024,10.22144/ctujoisd.2024.302,https://doi.org/10.22144/ctujoisd.2024.302
02-AE-HO VAN THANG(6-12)37,DETERMINATION OF THE CONFINING EFFECT OF GEOGRID REIN-FORCEMENT FROM LARGE SCALE TRIAXIAL TESTS,2016,10.22144/ctu.jen.2016.037,https://doi.org/10.22144/ctu.jen.2016.037
02-AE-NGO QUOC LUAN(10-13),NOVEL NAPHTHALENE GLYCOSIDE DERIVATIVE FROM LEAVES OF Cassia grandis L.F,2015,,
02-AF-NGUYEN THANH PHUONG(9-16)035,Effects of different temperatures on the growth and survival of mud crab (Scylla paramamosain) larvae,2021,10.22144/ctu.jen.2021.035,https://doi.org/10.22144/ctu.jen.2021.035
02-AG-TRAN VAN HAU(7-15)018,"The effects of uniconazole dosages and suitable periods for bud break on the flowering of 'Dai Loan' mango (Mangifera indica L.) grown in Cho Moi district, An Giang province, 2016",2018,10.22144/ctu.jen.2018.018,https://doi.org/10.22144/ctu.jen.2018.018
02-AG-TRAN VAN HAU(7-23)002,"Longan and rambutan in the Mekong Delta, Vietnam: A review of technologies to improve flowering and fruit setting",2019,10.22144/ctu.jen.2019.002,https://doi.org/10.22144/ctu.jen.2019.002
02-AG-TRAN VAN HAU(8-16)033,"Effects of fertilizer doses on yield and quality of gandaria (Bouea oppositifolia (Roxb.) Meisne.) grown in Binh Minh town, Vinh Long province, Vietnam",2018,10.22144/ctu.jen.2018.033,https://doi.org/10.22144/ctu.jen.2018.033
02-AG-VO THI BICH THUY(7-13),ASSESSMENT OF GENETIC DIVERSITY OF CHILI ROOTSTOCK USING INTER-SIMPLE SEQUENCE REPEAT (ISSR) MARKER,2016,10.22144/ctu.jen.2016.017,https://doi.org/10.22144/ctu.jen.2016.017
02-AV-LY THI LIEN KHAI(9-15)018,Study on effectiveness of activated charcoal and wood vinegar on prevention of piglet diarrhea,2019,10.22144/ctu.jen.2019.018,https://doi.org/10.22144/ctu.jen.2019.018
02-AV-NGUYEN VAN THU(8-12),"EFFECTS OF WATER HYACINTH SILAGE IN DIETS ON FEED INTAKE, DIGESTIBILITY AND RUMEN PARAMETERS OF SHEEP (Ovis aries) IN THE MEKONG DELTA OF VIETNAM",2016,,
02-BE-LE VU LAN PHUONG(12-16)002,Establishment of a spontaneously started sourdough in Vietnam,2021,10.22144/ctu.jen.2021.002,https://doi.org/10.22144/ctu.jen.2021.002
02-BT-BUI THANH THU(11-18)033,Identification of shallot pathogens in Vĩnh Châu town of Sóc Trăng province,2019,10.22144/ctu.jen.2019.033,https://doi.org/10.22144/ctu.jen.2019.033
02-BT-HUYNH THANH DUY(8-15)002,"Determination of total polyphenol, saponin contents, antioxidant and antibacterial activities of Melastoma malabathricum leaves by liquid-liquid extraction",2020,10.22144/ctu.jen.2020.002,https://doi.org/10.22144/ctu.jen.2020.002
02-BT-NGUYEN TRONG HONG PHUC(9-14)010,"Acute toxicity, antibacterial and antioxidant abilities of Elephantopus mollis H.B.K. and Elephantopus scaber L",2020,10.22144/ctu.jen.2020.010,https://doi.org/10.22144/ctu.jen.2020.010
02-CE-LE THI TO QUYEN(10-17)002,"SOCIAL IMPACTS OF TOURISM DEVELOPMENT ON LOCAL COMMUNITY: A CASE STUDY AT DONG HOA HIEP VILLAGE, CAI BE DISTRICT, TIEN GIANG PROVINCE",2017,10.22144/ctu.jen.2017.002,https://doi.org/10.22144/ctu.jen.2017.002
02-CHAU THI LE DUYEN(12-19)025,Study on corporate culture of Vietnamese enterprises: An approach of denison's model,2021,10.22144/ctu.jen.2021.025,https://doi.org/10.22144/ctu.jen.2021.025
02-E2-DUONG THI PHUONG LIEN(8-15)089,Changes in α-galactosidase activity and oligosaccharides during germination of soybean seeds,2018,10.22144/ctu.jsi.2018.089,https://doi.org/10.22144/ctu.jsi.2018.089
02-ED-LE THI NHAN DUYEN(9-16)021,Factors influencing group work of students in learning English as a foreign language (EFL): A case study at a Vietnamese university,2017,10.22144/ctu.jen.2017.021,https://doi.org/10.22144/ctu.jen.2017.021
02-ED-LE XUAN MAI(7-16)019,EFL lecturers' needs for professional development: A case study of an institution in the Mekong Delta,2020,10.22144/ctu.jen.2020.019,https://doi.org/10.22144/ctu.jen.2020.019
02-ED-NGUYEN DINH THANH(11-22)002,Analyzing the factors affecting the high school dropout in Ca Mau,2022,10.22144/ctu.jen.2022.002,https://doi.org/10.22144/ctu.jen.2022.002
02-ED-NGUYEN THI THANH HA(8-17)012,The influences of oral communication strategies on students' English speaking proficiency,2022,10.22144/ctu.jen.2022.012,https://doi.org/10.22144/ctu.jen.2022.012
02-FI-DANG XUAN CUONG(9-17)002,Stability of antioxidant phlorotannin beverage originated from Sargassum serratum on the storage time and temperature,2018,10.22144/ctu.jen.2018.002,https://doi.org/10.22144/ctu.jen.2018.002
03-1133-MAI LE BICH TUYEN(17-24)318,Product recommendation for online sales systems based on transaction sessions,2024,10.22144/ctujoisd.2024.318,https://doi.org/10.22144/ctujoisd.2024.318
03-495-EN-TRAN THI THANH NGOC(22-28)003,"Evaluating household coal slag emissions in Binh Chanh District, Ho Chi Minh City, Viet Nam and recommended solutions",2023,10.22144/ctu.jen.2023.003,https://doi.org/10.22144/ctu.jen.2023.003
03-557-A-THAI LE TRUONG GIANG(20-27)016,Enhancement of photocatalytic activity of TIO2 for gaseous toluene removal by simple mechanical mixing with modified zeolite,2023,10.22144/ctu.jen.2023.016,https://doi.org/10.22144/ctu.jen.2023.016
03-606-HUYNH TRUONG SANG(23-33)048,Review of the effects of Task-based Language Teaching on EFL learners' speaking performance: What remains to be researched?,2023,10.22144/ctujoisd.2023.048,https://doi.org/10.22144/ctujoisd.2023.048
03-619-LE TRAN THANH LIEM(21-32)303,"Greenhouse gases emission trade-offs for benefits gain -An analysis from paddy rice and upland crops cultivation in Hau Giang province, Viet Nam",2024,10.22144/ctujoisd.2024.303,https://doi.org/10.22144/ctujoisd.2024.303
03-622-TO VU THIEN TAM(16-27)264,Effect of stocking density of Snakeskin gourami (Trichopodus pectoralis) in polyculture system with Black apple snail (Pila polita),2024,10.22144/ctujoisd.2024.264,https://doi.org/10.22144/ctujoisd.2024.264
03-677-NGO HO ANH KHOI(20-29)031,Automatic identification of Dong Son antique glass artifacts using evolving learning,2023,10.22144/ctujoisd.2023.031,https://doi.org/10.22144/ctujoisd.2023.031
03-720-TONG THI ANH NGOC(25-31)288,Effects of salt concentration and Lactobacillus plantarum population on grey oyster mushroom fermentation,2024,10.22144/ctujoisd.2024.288,https://doi.org/10.22144/ctujoisd.2024.288
03-843-PHAM PHI PHUONG(14-19)276,An investigation of timber frame housing in Vietnamese Mekong River Delta,2024,10.22144/ctujoisd.2024.276,https://doi.org/10.22144/ctujoisd.2024.276
03-AE-LE HOANG NGOAN(13-19)38,ISOLATION OF THREE POLYMETHOXYLATED FLAVONES FROM Ageratum conyzoides L. GROWING IN CAN THO CITY,2016,10.22144/ctu.jen.2016.038,https://doi.org/10.22144/ctu.jen.2016.038
03-AE-TRAN TRANG NHAT(14-18),"THE RELATIONSHIP OF BITUMEN CONTENT, AGGREGATE SURFACE AREA, AND EXTRACTION TIME USING ASPHALT IGNITION FURNACE",2015,,
03-AG-DOAN THI KIEU TIEN(17-22)036,Applications of bacteriophages in controlling rice bacterial grain rot caused by Burkholderia glumae,2021,10.22144/ctu.jen.2021.036,https://doi.org/10.22144/ctu.jen.2021.036
03-AV-HO THI VIET THU(24-29)003,"Escherichia coli infection in ducks in the Mekong Delta: Bacterial isolation, serogroup distribution and antibiotic resistance",2019,10.22144/ctu.jen.2019.003,https://doi.org/10.22144/ctu.jen.2019.003
03-AV-NGUYEN NHAT XUAN DUNG(14-18),"EVALUATION OF QUALITY TRAITS, CHEMICAL COMPOSITION AND EGG YOLK LIPID COMPONENTS OF NOI LAI CHICKEN",2016,10.22144/ctu.jen.2016.018,https://doi.org/10.22144/ctu.jen.2016.018
03-AV-NGUYEN THI THUY(17-23)034,Effect of organic acid products on growth performance and intestine health of Tam Hoang chicken,2018,10.22144/ctu.jen.2018.034,https://doi.org/10.22144/ctu.jen.2018.034
03-AV-TRAN NGOC BICH(16-21)019,"Study on canine respiratory disease and evaluating the effect of treatment at the Animal Clinic, Can Tho University",2019,10.22144/ctu.jen.2019.019,https://doi.org/10.22144/ctu.jen.2019.019
03-AV-TRUONG THANH TRUNG(13-19),"EFFECTS OF DIETARY CRUDE PROTEIN LEVELS ON GROWTH RATE, MEAT PRODUCTION, DIGESTIBLE NUTRIENTS AND ECONOMIC RETURN OF CALIFORNIAN RABBITS (Oryctolagus cuniculus) IN MEKONG DELTA OF VIETNAM",2016,,
03-BE-VO DINH LE TAM(17-23)003,Investigation of antioxidant activity of protein hydrolysate derived from baby clam (Corbiculidae sp.) broth,2021,10.22144/ctu.jen.2021.003,https://doi.org/10.22144/ctu.jen.2021.003
03-BT-DANG HOAI AN(19-27)034,Selection of carrier materials for formulation of the antagonistic Bacillus spp. against rice bacterial leaf blight,2019,10.22144/ctu.jen.2019.034,https://doi.org/10.22144/ctu.jen.2019.034
03-CE-NGUYEN HONG TIN(18-29)003,SUSTAINABILITY AND LIVELIHOOD OPPORTUNITIES FOR MANGROVE-SHRIMP FARMERS IN THE COASTAL AREAS OF SOCTRANG PROVINCE,2017,10.22144/ctu.jen.2017.003,https://doi.org/10.22144/ctu.jen.2017.003
03-DANG THI HOANG OANH(20-25)026,Effect of different salinities on the susceptibility of striped catfish (Pangasianodon hypophthalmus) to Aeromonas hydrophila bacteria causing hemorrhagic disease,2021,10.22144/ctu.jen.2021.026,https://doi.org/10.22144/ctu.jen.2021.026
03-E3-HA THI THUY VY(16-25)090,Optimization of protein hydrolysis conditions from shrimp head meat (Litopenaeus vannamei) using commercial alcalase and flavourzyme enzymes,2018,10.22144/ctu.jsi.2018.090,https://doi.org/10.22144/ctu.jsi.2018.090
03-EC-LE MINH SON(16-29)003,Determinants of economic growth in the Mekong Delta provinces,2020,10.22144/ctu.jen.2020.003,https://doi.org/10.22144/ctu.jen.2020.003
03-EC-PHAM CHI HIEU(16-22)019,"The impact of the ""National target program on new rural development"" on household income: The case of Go Quao district, Kien Giang province",2018,10.22144/ctu.jen.2018.019,https://doi.org/10.22144/ctu.jen.2018.019
03-ED-DINH THANH HUNG(15-24)011,EFL teachers' perceptions of the use of e-textbooks at secondary schools in Dong Thap province,2020,10.22144/ctu.jen.2020.011,https://doi.org/10.22144/ctu.jen.2020.011
03-ED-LUU NGUYEN QUOC HUNG(17-26)020,Teachers' motivation and its influence on quality education: A study at a center for foreign languages in Vietnam,2020,10.22144/ctu.jen.2020.020,https://doi.org/10.22144/ctu.jen.2020.020
03-ED-PHUONG HOANG YEN(17-22)022,Factors inhibiting teachers from research engagement: A review,2017,10.22144/ctu.jen.2017.022,https://doi.org/10.22144/ctu.jen.2017.022
03-EN-VO THI HONG NHUNG(23-34)003,"Attitudes towards cycling in Long Xuyen, Viet Nam: An exploratory study",2022,10.22144/ctu.jen.2022.003,https://doi.org/10.22144/ctu.jen.2022.003
03-ET-LUONG HUYNH VU THANH(18-27)015,Preparation of Fe3O4/HAp nanoparticles from eggshells with highly adsorption capacity for methylene blue,2022,10.22144/ctu.jen.2022.015,https://doi.org/10.22144/ctu.jen.2022.015
03-FI-NGUYEN THI KIM HA(18-26)003,Effect of CO2 on acid-base regulation and growth performance of basa catfish (Pangasius bocourti),2018,10.22144/ctu.jen.2018.003,https://doi.org/10.22144/ctu.jen.2018.003
04-1134-TIN TRUNG CHAU(25-34)319,Assessing wind energy exploitation potential in several regions of Viet Nam using Kernel density estimation model,2024,10.22144/ctujoisd.2024.319,https://doi.org/10.22144/ctujoisd.2024.319
04-501-ET-HO PHAM THANH TAM(29-40)004,Space Vector Modulation for Induction Motor on ARM-based Microcontroller,2023,10.22144/ctu.jen.2023.004,https://doi.org/10.22144/ctu.jen.2023.004
04-584-A-NGUYEN CHANH NGHIEM(28-34)017,Design of a smart doorbell for a leader's office with availability status notification and visitor recognition features,2023,10.22144/ctu.jen.2023.017,https://doi.org/10.22144/ctu.jen.2023.017
04-614-MACH BAO NGOC(34-54)049,Characterization of single nucleotide polymorphisms in chloroplast genomes of Musaceae Juss,2023,10.22144/ctujoisd.2023.049,https://doi.org/10.22144/ctujoisd.2023.049
04-635-TRAN TRUNG GIANG(28-35)259,Effects of culture salinity on growth and reproduction of the polychaete Dendronereis chipolini,2024,10.22144/ctujoisd.2024.259,https://doi.org/10.22144/ctujoisd.2024.259
04-678-NGUYEN MINH TUAN(30-38)032,New data about library service quality and convolution prediction,2023,10.22144/ctujoisd.2023.032,https://doi.org/10.22144/ctujoisd.2023.032
04-725-TRAN THI NGOC NHUNG(32-41)289,"International research outputs of Can Tho University: The first, the most, and the top",2024,10.22144/ctujoisd.2024.289,https://doi.org/10.22144/ctujoisd.2024.289
04-783-VAN TUAN CAO(33-43)304,Rework in civil construction projects at design phase: Influencing factors and suggested solutions,2024,10.22144/ctujoisd.2024.304,https://doi.org/10.22144/ctujoisd.2024.304
04-846-TRONG PHUOC HUYNH(20-27)277,Properties of unfired solid bricks produced primarily from thermal power plant fly ash and bottom ash,2024,10.22144/ctujoisd.2024.277,https://doi.org/10.22144/ctujoisd.2024.277
04-AE-NGUYEN DINH TRUNG(20-27)39,"SORPTION OF Pb(II), Cu(II) AND Cd(II) BY BIOMASS OF THE DIFFERENT ACTIVATED SLUDGE",2016,10.22144/ctu.jen.2016.039,https://doi.org/10.22144/ctu.jen.2016.039
04-AE-TRUONG PHONG TUYEN(19-26),FPGA IMPLEMENTATION OF LIFTING SCHEME DAUBECHIES DISCRETE WAVELET TRANSFORM FOR REAL-TIME SIGNAL COMPRESSION,2015,,
04-AG-NGUYEN VAN VINH(23-30)023,Disease-reducing effects of aqueous leaf extracts of Annona glabra and Wedelia calendulacea on Fusarium basal rot of shallot caused by Fusarium oxysporum,2017,10.22144/ctu.jen.2017.023,https://doi.org/10.22144/ctu.jen.2017.023
04-AV-NGUYEN THI KIM DONG(19-24),"A RESPONSE OF NUTRIENT INTAKE, DIGESTIBILITY AND GROWTH RATE OF RABBITS (Oryctolaguc cuniculus) FED WATER SPINACH OR SWEET POTATO VINES WITH OR WITHOUT FIBER SUPPLEMENT",2016,10.22144/ctu.jen.2016.019,https://doi.org/10.22144/ctu.jen.2016.019
04-AV-NGUYEN VAN THU(30-35)004,"Recent production status, research results and development conditions of rabbit production in Vietnam -A review",2019,10.22144/ctu.jen.2019.004,https://doi.org/10.22144/ctu.jen.2019.004
04-AV-TRAN NGOC BICH(23-29)037,Effects of β-glucan and vitamin products supplementation into diets on growth performance of growing-finishing pigs in Ben Tre province,2021,10.22144/ctu.jen.2021.037,https://doi.org/10.22144/ctu.jen.2021.037
04-BE-VO NAM SON(24-38)004,"Climate change-related risk adaptation in striped catfish, tilapia and shrimp farming systems in the Mekong Delta, Vietnam",2021,10.22144/ctu.jen.2021.004,https://doi.org/10.22144/ctu.jen.2021.004
04-BT-HOANG THI NGOC NHON(22-30)020,Study on the optimal conditions for fucoidan extraction from Kappaphycus alvarezii,2019,10.22144/ctu.jen.2019.020,https://doi.org/10.22144/ctu.jen.2019.020
04-BT-LE THI KIM LOAN(28-35)035,Optimization of gluten -free bread formulation from bread improver and fermentation time,2019,10.22144/ctu.jen.2019.035,https://doi.org/10.22144/ctu.jen.2019.035
04-CE-PHUONG HOANG YEN(30-38)004,TASK-BASED LANGUAGE TEACHING AND ITS IMPACT ON VIETNAMESE STUDENTS' USE OF SELF-REGULATED LEARNING STRATEGIES IN A WRITING CLASSROOM,2017,10.22144/ctu.jen.2017.004,https://doi.org/10.22144/ctu.jen.2017.004
04-DINH XUAN HUNG(26-31)027,Status of using rope in purse seine fisheries in Viet Nam,2021,10.22144/ctu.jen.2021.027,https://doi.org/10.22144/ctu.jen.2021.027
04-E4-HUYNH THI THUY AN(26-33)091,The prevalence and antibiotic resistance of Salmonella spp. isolated from pigs and farm environments in vinh long province,2018,10.22144/ctu.jsi.2018.091,https://doi.org/10.22144/ctu.jsi.2018.091
04-EC-LA HONG LIEN(24-36)035,A literature review on organizational culture and organizational effectiveness,2018,10.22144/ctu.jen.2018.035,https://doi.org/10.22144/ctu.jen.2018.035
04-ED-HUYNH NGOC TUYEN(20-30),AN INVESTIGATION INTO ENGLISH-MAJORED STUDENTS' ATTITUDES AND MOTIVATION TOWARD SPEAKING LEARNING WITH ENGLISH VOLUNTEERS,2016,,
04-ED-LUU NGUYEN QUOC HUNG(30-36)004,Teachers' professional development as a tool to enhance institutional quality: Current practices at a center for foreign languages,2020,10.22144/ctu.jen.2020.004,https://doi.org/10.22144/ctu.jen.2020.004
04-ED-NGO MY TRAN(27-37)021,Effects of using E-learning system on learning outcomes of students in Can Tho University,2020,10.22144/ctu.jen.2020.021,https://doi.org/10.22144/ctu.jen.2020.021
04-ED-NGUYEN VAN PHUC(23-29)020,Strategies used by English interpretation and translation-majored seniors to solve linguistic difficulties in English-Vietnamese advertising translation,2018,10.22144/ctu.jen.2018.020,https://doi.org/10.22144/ctu.jen.2018.020
04-ED-PHUONG HOANG YEN(25-32)012,Employability attributes of interpretation and translation students in Vietnam,2020,10.22144/ctu.jen.2020.012,https://doi.org/10.22144/ctu.jen.2020.012
04-ET-HUYNH QUOC KHANH(35-42)004,Evaluating the optimal working parameters of the color sensor TCS3200 in the fresh chili destemming system,2022,10.22144/ctu.jen.2022.004,https://doi.org/10.22144/ctu.jen.2022.004
04-ET-NGO SI HUY(28-36)017,Characteristics of lightweight foamed concrete with various contents of polypropylene fiber,2022,10.22144/ctu.jen.2022.017,https://doi.org/10.22144/ctu.jen.2022.017
04-FI-TRUONG HOANG MINH(27-34)004,"Assessment on the technical and financial characteristics and livelihood strategy of while leg shrimp (Litopenaeus vannamei) and tiger shrimp (Penaeus monodon) farms in Cu Lao Dung district, Soc Trang province",2018,10.22144/ctu.jen.2018.004,https://doi.org/10.22144/ctu.jen.2018.004
05-1136-HOANG TU VO(35-41)320,Exploring multiple optimization algorithms in transfer learning with EfficientNet models for agricultural insect classification,2024,10.22144/ctujoisd.2024.320,https://doi.org/10.22144/ctujoisd.2024.320
05-510-ET-TRAN VU AN(41-48)005,Influence of internal curing on compressive strength and drying shrinkage of supersulfated cement mortar,2023,10.22144/ctu.jen.2023.005,https://doi.org/10.22144/ctu.jen.2023.005
05-595-A-LAM THANH TOAN(35-44)018,Identify and predict incorrect prices by Machine Learning Model,2023,10.22144/ctu.jen.2023.018,https://doi.org/10.22144/ctu.jen.2023.018
05-624-AWOJIDE SHOLA(55-63)050,Phytotoxicity activities and chemical composition of the seed essential oil of Monodora myristica,2023,10.22144/ctujoisd.2023.050,https://doi.org/10.22144/ctujoisd.2023.050
05-641-NGUYEN THI HUYNH PHUONG(36-47)272,"An evaluation on community participation in ecotourism activities post Covid-19 pandemic at Tan Loc islet, Thot Not district, Can Tho city",2024,10.22144/ctujoisd.2024.272,https://doi.org/10.22144/ctujoisd.2024.272
05-680-VU DUC VINH(39-46)033,Detecting Vietnamese fake news,2023,10.22144/ctujoisd.2023.033,https://doi.org/10.22144/ctujoisd.2023.033
05-744-Jacob Frederick P. Velza(42-56)290,Impact assessment of empowering small-scale farmers through the Mag-Uma Kaupod ang Pamilya Extension (MUKaPE) Program of the DEBESMSCAT-Cawayan Campus,2024,10.22144/ctujoisd.2024.290,https://doi.org/10.22144/ctujoisd.2024.290
05-799-NGUYEN NHAT TAN(44-49)305,Static and dynamic power splitting protocol enabled in DF energy harvesting Half-Duplex relaying network: Ergodic capacity analysis,2024,10.22144/ctujoisd.2024.305,https://doi.org/10.22144/ctujoisd.2024.305
05-848-TAN HUNG NGUYEN(28-34)278,"Assessing reinforced pavement performance: Influence of geogrid position, axial stiffness, and applied stress",2024,10.22144/ctujoisd.2024.278,https://doi.org/10.22144/ctujoisd.2024.278
05-AE-NGUYEN VAN CAN(28-35)40,A SIMULATION STUDY FOR OPTIMIZING STAFF NUMBERS OF SECURITY CHECK-POINT AT THE AIRPORT TERMINAL,2016,10.22144/ctu.jen.2016.040,https://doi.org/10.22144/ctu.jen.2016.040
05-AE-VAN PHAM DANG TRI(27-32),VULNERABILITY ASSESSMENT IN THE COASTAL PLAIN OF THE VIETNAMESE MEKONG DELTA,2015,,
05-AG-LE VAN VANG(35-39)005,Monitoring population dynamics of the citrus pock caterpillar (Prays endocarpa) by sex pheromone traps in the Mekong Delta of Vietnam,2018,10.22144/ctu.jen.2018.005,https://doi.org/10.22144/ctu.jen.2018.005
05-AG-TRAN VIET QUYEN(31-37)024,"Disease-reducing effects of antagonistic soil bacteria on Fusarium basal rot of shallot caused by Fusarium oxysporum in Vĩnh Châu, Sóc Trăng",2017,10.22144/ctu.jen.2017.024,https://doi.org/10.22144/ctu.jen.2017.024
05-AV-TIEN NGOC TIEN(36-41)005,Comparision of genetic variation between avian influenza type A H5N1 virus causing disease and circulating on poultry in some provinces in the Mekong Delta in 2016,2019,10.22144/ctu.jen.2019.005,https://doi.org/10.22144/ctu.jen.2019.005
05-AV-TRUONG THANH TRUNG(25-31),"A RESPONSE OF FEED UTILIZATION, NUTRIENT DIGESTIBILITY, GROWTH AND CARCASS VALUE OF CALIFORNIAN RABBITS TO DIETARY METABOLIZABLE ENERGY",2016,10.22144/ctu.jen.2016.020,https://doi.org/10.22144/ctu.jen.2016.020
05-BT-BANG HONG LAM(39-47)005,Isolation and screening of carotenoid-producing Bacillus spp. from seashore saline soil and seawater at Hon Son islet,2021,10.22144/ctu.jen.2021.005,https://doi.org/10.22144/ctu.jen.2021.005
05-BT-LE THI KIEU PHUONG(31-37)021,"Chemical compositions, bioactive compounds, and physicochemical properties of different purple sweet potato flours",2019,10.22144/ctu.jen.2019.021,https://doi.org/10.22144/ctu.jen.2019.021
05-BT-NGUYEN HOANG MINH SANG(36-41)036,"Pathogen identification of sweet potato wilt in Bình Tân, Vĩnh Long",2019,10.22144/ctu.jen.2019.036,https://doi.org/10.22144/ctu.jen.2019.036
05-DE-LE TIN(39-46)005,STOCK RETURNS VOLATILITY PERSISTENCE AND SPILLOVER EFFECTS: EMPIRICAL EVIDENCE FROM VIETNAM,2017,10.22144/ctu.jen.2017.005,https://doi.org/10.22144/ctu.jen.2017.005
05-E6-LE THI THU VAN(34-38)092,"Effects of different levels of biochar on methane, carbon dioxide production and digestibility of para grass (Brachiaria mutica) in in vitro incubation",2018,10.22144/ctu.jsi.2018.092,https://doi.org/10.22144/ctu.jsi.2018.092
05-EC-PHAN VAN PHUC(37-44)036,The living standard inequality in Vietnam: A statistical analysis,2018,10.22144/ctu.jen.2018.036,https://doi.org/10.22144/ctu.jen.2018.036
05-ED-NGUYEN ANH THI(30-38)038,Vietnamese EFL pre-service teachers' perceptions of the quality of a training course on English Language Teacher Education,2021,10.22144/ctu.jen.2021.038,https://doi.org/10.22144/ctu.jen.2021.038
05-ED-NGUYEN ANH THI(38-46)022,Impacts of a one-shot training program for in-service teachers on the application of Task-based Language Teaching,2020,10.22144/ctu.jen.2020.022,https://doi.org/10.22144/ctu.jen.2020.022
05-ED-NGUYEN THI HUYEN(37-44)005,Common grammartical errors in English writing -A case study with second-year students of information technology at HAUI,2020,10.22144/ctu.jen.2020.005,https://doi.org/10.22144/ctu.jen.2020.005
05-ED-PHAM NGOC NHAN(31-36),"IDENTIFYING FACTORS AFFECTING VOCATIONAL TRAINING NEEDS IN PHUNG HIEP DISTRICT, HAU GIANG PROVINCE IN 2015",2016,,
05-ED-PHUONG HOANG YEN(30-37)021,English-as-a-medium-of-instruction students' evaluation of an English foundation program at a university in Vietnam,2018,10.22144/ctu.jen.2018.021,https://doi.org/10.22144/ctu.jen.2018.021
05-ET-NGO TRUONG NGOC MAI(43-53)005,Fabrication of PZT Thick Film by Electrophoretic Deposition on the Platinum Substrate,2022,10.22144/ctu.jen.2022.005,https://doi.org/10.22144/ctu.jen.2022.005
05-FI-DANG THI HOANG OANH(37-45)019,"Disease incidence in shrimp farms located in east coastal region of the Mekong Delta, Viet Nam",2022,10.22144/ctu.jen.2022.019,https://doi.org/10.22144/ctu.jen.2022.019
05-FT-LIEU MY DONG(33-39)013,"Inhibitory effects of cinnamon oil, acetic acid, and lactic acid on Escherichia coli ATCC 23631",2020,10.22144/ctu.jen.2020.013,https://doi.org/10.22144/ctu.jen.2020.013
05-NGUYEN THI VAN(32-42)028,The effect of heating factors on the properties of heat-induced surimi gel under ohmic heating,2021,10.22144/ctu.jen.2021.028,https://doi.org/10.22144/ctu.jen.2021.028
06-1137-Abtahi Ahmed(42-51)321,Students' performance prediction employing Decision Tree,2024,10.22144/ctujoisd.2024.321,https://doi.org/10.22144/ctujoisd.2024.321
06-477-IT-NGUYEN BAO TRAN(49-57)006,Object detection by the combination of generic roi extractor and dynamic R-CNN with side-aware boundary localization in aerial images,2023,10.22144/ctu.jen.2023.006,https://doi.org/10.22144/ctu.jen.2023.006
06-516-B-PHAM THI HUONG THAO(45-50)019,Effects of different plant growth regulators as the foliar application on growth and flower quality of potted rose (Rosa chinensis Jacq. cv. Nhung),2023,10.22144/ctu.jen.2023.019,https://doi.org/10.22144/ctu.jen.2023.019
06-625-CAO LUU NGOC HANH(64-71)051,Preparation and characterization of magnetic-lignin nanoparticles with potential applications for drug delivery,2023,10.22144/ctujoisd.2023.051,https://doi.org/10.22144/ctujoisd.2023.051
06-650-NGUYEN THI THUY NGAN(48-65)266,Financial development and energy security in the Asia-Pacific region: The long run and short run perspectives,2024,10.22144/ctujoisd.2024.266,https://doi.org/10.22144/ctujoisd.2024.266
06-684-PHAN YEN NGAN NGUYEN(47-55)034,Factorizing social advanced aspects in modern life on human health,2023,10.22144/ctujoisd.2023.034,https://doi.org/10.22144/ctujoisd.2023.034
06-761-TRAN NHUT THANH(57-65)291,An entire fruit surface imaging system with the support of a mirror system and a flipping mechanism,2024,10.22144/ctujoisd.2024.291,https://doi.org/10.22144/ctujoisd.2024.291
06-792-LE ANH TUAN(35-43)279,Erosion in the coastal areas of the Vietnamese Mekong Delta: Current challenges and solutions,2024,10.22144/ctujoisd.2024.279,https://doi.org/10.22144/ctujoisd.2024.279
06-830-Divina Gracia S. Sabio(50-63)306,A comparative study of teaching internship practices: Insights from Can Tho University and Quirino State University,2024,10.22144/ctujoisd.2024.306,https://doi.org/10.22144/ctujoisd.2024.306
06-AE-NGUYEN VAN KHANH(36-45)41,A FRAMEWORK FOR TRANSFERRING ALGORITHMS DESIGNED ON MATLAB/SIMULINK TO ARM MICROCONTROLLER EMBEDDED SYSTEMS,2016,10.22144/ctu.jen.2016.041,https://doi.org/10.22144/ctu.jen.2016.041
06-AG-VO THANH PHONG(38-46)025,Effects of nitrogen fertilizer types and alternate wetting and drying irrigation on rice yield and nitrous oxide emission in rice cultivation,2017,10.22144/ctu.jen.2017.025,https://doi.org/10.22144/ctu.jen.2017.025
06-AV-TRAN NGOC BICH(40-45)006,Pathogenesis of infectious bronchitis virus (IBV) and laboratory test methods available to detect IBV in chickens,2018,10.22144/ctu.jen.2018.006,https://doi.org/10.22144/ctu.jen.2018.006
06-BE-LE THI MEN(33-38),THE EFFECTS OF PROBIOTIC SUPPLEMENTATION ON GROWTH PERFORMANCE OF WEANING PIGS IN THE MEKONG DELTA OF VIETNAM,2015,,
06-BT-NGO THI PHUONG DUNG(32-37),ETHANOL PRODUCTION FROM MOLASSES AT HIGH TEMPERATURE BY THERMOTOLERANT YEASTS ISOLATED FROM COCOA,2016,10.22144/ctu.jen.2016.021,https://doi.org/10.22144/ctu.jen.2016.021
06-BT-NGUYEN LE ANH KHOA(38-43)022,Content and physicochemical properties of starches from different kinds of sweet potatoes grown in Dong Thap province,2019,10.22144/ctu.jen.2019.022,https://doi.org/10.22144/ctu.jen.2019.022
06-BT-TRAN THANH THAO(42-48)037,Characterization of mouse bone marrow-derived macrophages differentiated in L929 cell conditioned medium and colony stimulating factor-1 in Listeria monocytogenes infection,2019,10.22144/ctu.jen.2019.037,https://doi.org/10.22144/ctu.jen.2019.037
06-CE-LE THANH THAO(48-56)006,ELT pedagogical reforms: EFL high-school teachers' perceptions and responses,2021,10.22144/ctu.jen.2021.006,https://doi.org/10.22144/ctu.jen.2021.006
06-DE-NGUYEN THI HUYNH PHUONG(47-58)006,"THE DEVELOPMENT OF CAI RANG FLOATING MARKET TOURISM IN CAN THO CITY, VIETNAM: FROM POLICY TO PRACTICE",2017,10.22144/ctu.jen.2017.006,https://doi.org/10.22144/ctu.jen.2017.006
06-E7-LE THI XA(39-48)093,"Phosphate solubilization, indole-3-acetic acid synthesis and nitrogen fixation ability of various indigenous microorganism communities from different agriecosystem habitats",2018,10.22144/ctu.jsi.2018.093,https://doi.org/10.22144/ctu.jsi.2018.093
06-ED-BUI LE DIEM(42-48)006,Towards a new open educational resource model using OKMindmap,2019,10.22144/ctu.jen.2019.006,https://doi.org/10.22144/ctu.jen.2019.006
06-ED-DANG VU HOAI NHAN(45-53)037,The government's policy on EFL teacher professional development: Opportunities and challenges for the Mekong Delta,2018,10.22144/ctu.jen.2018.037,https://doi.org/10.22144/ctu.jen.2018.037
06-ED-NGUYEN THI KIEU DIEM(39-47)039,Effects of Voki-supported self-practice on high school students' English speaking performance,2021,10.22144/ctu.jen.2021.039,https://doi.org/10.22144/ctu.jen.2021.039
06-ED-PHUONG HOANG YEN(37-45),CHALLENGES OF SHIFTING TO TASK-BASED LANGUAGE TEACHING: A STORY FROM A VIETNAMESE TEACHER,2016,,
06-ED-VO PHUONG QUYEN(38-44)022,Challenges to speaking skills encountered by English-majored students: A story of one Vietnamese university in the Mekong Delta,2018,10.22144/ctu.jen.2018.022,https://doi.org/10.22144/ctu.jen.2018.022
06-ET-DANG HUYNH GIAO(47-53)023,FACILE SYNTHESIS OF BIMETALLIC ZnCo-ZIFs AND Ag NANOPARTICLES LOADING ON ZnCo-ZIFs (Ag/ZnCo-ZIFs),2020,10.22144/ctu.jen.2020.023,https://doi.org/10.22144/ctu.jen.2020.023
06-ET-NGUYEN HUU QUANG(54-61)006,Build coconut counting system using image technology,2022,10.22144/ctu.jen.2022.006,https://doi.org/10.22144/ctu.jen.2022.006
06-ET-NGUYEN VAN DAT(45-49)006,The preparation of a fine tip calcium ion selective electrode,2020,10.22144/ctu.jen.2020.006,https://doi.org/10.22144/ctu.jen.2020.006
06-FI-HOANG QUANG BINH(46-60)011,Bioactive compounds and strategy processing for acerola: A review,2022,10.22144/ctu.jen.2022.011,https://doi.org/10.22144/ctu.jen.2022.011
06-NS-LE THI BACH(40-44)014,A new natural jasmonoid glucoside isolated from Euphorbia hirta L. extract,2020,10.22144/ctu.jen.2020.014,https://doi.org/10.22144/ctu.jen.2020.014
06-PHAN VAN LONG EM(43-51)029,Synchronization in complete networks of reaction-diffusion equations of FitzHugh-Nagumo type with nonlinear coupling,2021,10.22144/ctu.jen.2021.029,https://doi.org/10.22144/ctu.jen.2021.029
07-1146-NGO MINH TAN(52-57)322,Fine-tuned PhoBERT for sentiment analysis of Vietnamese phone reviews,2024,10.22144/ctujoisd.2024.322,https://doi.org/10.22144/ctujoisd.2024.322
"07-478-FI-Gabito, Porfirio P(58-63)007",Evaluating different diets on the growth performance of mud crab (Scylla serrata),2023,10.22144/ctu.jen.2023.007,https://doi.org/10.22144/ctu.jen.2023.007
07-550-B-NGUYEN VAN MANH(51-59)020,"Agrobacterium-mediated transformation of Nang Thom Cho Dao, an indica rice variety",2023,10.22144/ctu.jen.2023.020,https://doi.org/10.22144/ctu.jen.2023.020
07-626-NGUYEN VAN THONG(72-80)052,Using lesson study for teacher development: A case study of Vietnamese EFL teachers' reflections,2023,10.22144/ctujoisd.2023.052,https://doi.org/10.22144/ctujoisd.2023.052
07-652-PHAM HONG HAI(66-75)269,Calculation of electromagnetic force and temperature distribution of amorphous transformers in different operating modes by finite element method,2024,10.22144/ctujoisd.2024.269,https://doi.org/10.22144/ctujoisd.2024.269
07-685-QUOC DINH TRUONG(56-61)035,Detection of Crowd concentrations with YOLOv3,2023,10.22144/ctujoisd.2023.035,https://doi.org/10.22144/ctujoisd.2023.035
07-773-TRAN THI NGOC NHUNG(66-74)292,Can Tho University's research collaboration: A view from its publications,2024,10.22144/ctujoisd.2024.292,https://doi.org/10.22144/ctujoisd.2024.292
07-804-PHAM HUU HA GIANG(44-50)280,Enhancing riverbank stability: A case study on soil improvement through Jet grouting along Can Tho riverbank,2024,10.22144/ctujoisd.2024.280,https://doi.org/10.22144/ctujoisd.2024.280
07-850-TRONG PHUOC HUYNH(64-70)307,Exploring the effects of waste plastic aggregate on styrene-butadiene-styrenemodified asphalt binders for sustainable rural pavements,2024,10.22144/ctujoisd.2024.307,https://doi.org/10.22144/ctujoisd.2024.307
07-AE-TRAN THI BICH QUYEN(46-51)42,SYNTHESIS OF SILVER NANOCUBES AND APPLICATION IN SERS,2016,10.22144/ctu.jen.2016.042,https://doi.org/10.22144/ctu.jen.2016.042
07-AV-NGUYEN THI MONG DIEP(47-55)026,Metformin -An agent stimulating motility and acrosome reaction in chicken sperm,2017,10.22144/ctu.jen.2017.026,https://doi.org/10.22144/ctu.jen.2017.026
07-BE-LE THI MINH THUY(39-46),THE EFFECTS OF PREPARATION CONDITIONS ON THE PROPERTIES OF GELATIN FILM FROM HORSE MACKEREL (Trachurus japonicus) SCALE,2015,,
07-BT-NGUYEN NGOC THANH TIEN(44-50)023,Quality changes and in vitro digestibility of bread substituted with tuber starches modified by citric acid and heat-moisture treatment,2019,10.22144/ctu.jen.2019.023,https://doi.org/10.22144/ctu.jen.2019.023
07-CE-LUU NGUYEN QUOC HUNG(57-65)007,Teaching English online at a center for foreign languages: Challenges and opportunities,2021,10.22144/ctu.jen.2021.007,https://doi.org/10.22144/ctu.jen.2021.007
07-DE-VUONG QUOC DUY(59-64)007,"DETERMINANTS OF POOR HOUSEHOLD INCOME IN CA MAU PROVINCE, VIETNAM",2017,10.22144/ctu.jen.2017.007,https://doi.org/10.22144/ctu.jen.2017.007
07-E8-LE VAN PHONG(49-53)094,"Effect of replacing fresh water hyacinth (Eichhornia crassipes) to rice straw diet on feed intake, rumen fermentation and weight gain of Lai Sind cattle",2018,10.22144/ctu.jsi.2018.094,https://doi.org/10.22144/ctu.jsi.2018.094
07-EC-NGUYEN PHAM THANH NAM(46-55)007,"Impact of managerial human resource quality on growth of firms in the Mekong Delta, Vietnam",2018,10.22144/ctu.jen.2018.007,https://doi.org/10.22144/ctu.jen.2018.007
07-EC-PHAN ANH TU(38-48),ENTREPRENEURIAL CHARACTERISTICS AND PRIVATE FIRM PERFORMANCE IN THE MEKONG RIVER DELTA,2016,10.22144/ctu.jen.2016.022,https://doi.org/10.22144/ctu.jen.2016.022
07-ED-DO THANH NHAN(49-56)038,Teacher appraisal and student feedback on teacher professional development and practices,2019,10.22144/ctu.jen.2019.038,https://doi.org/10.22144/ctu.jen.2019.038
07-ED-DUONG HUU TONG(54-62)038,Solving a mathematical problem in different ways: A case of calculating the distance from a point to a plane,2018,10.22144/ctu.jen.2018.038,https://doi.org/10.22144/ctu.jen.2018.038
07-ED-PHUONG HOANG YEN(49-59)007,A review of factors influencing learners' gain of English proficiency,2019,10.22144/ctu.jen.2019.007,https://doi.org/10.22144/ctu.jen.2019.007
07-EN-NGUYEN DINH GIANG NAM(45-51)023,Land subsidence modeling in the Mekong Delta: A case study in Soc Trang and Can Tho city,2018,10.22144/ctu.jen.2018.023,https://doi.org/10.22144/ctu.jen.2018.023
07-EN-TON NU LIEN HUONG(46-49),CHEMICAL CONSTITUENTS OF Physalis angulata L. (FAMILY SOLANACEAE),2016,,
07-ET-LUONG HUYNH VU THANH(54-65)024,Adsorption of chromium (VI) ion using adsorbent derived from lignin extracted coir pith,2020,10.22144/ctu.jen.2020.024,https://doi.org/10.22144/ctu.jen.2020.024
07-ET-NGUYEN NHU TUONG AN(62-73)007,Application of different control algorithms on a 'home-made' temperature control lab kit,2022,10.22144/ctu.jen.2022.007,https://doi.org/10.22144/ctu.jen.2022.007
07-ET-NGUYEN THI NHU Y(48-57)040,Synthesis of lignin-based phenol-formaldehyde adhesive -A sustainable alternative to petrochemical,2021,10.22144/ctu.jen.2021.040,https://doi.org/10.22144/ctu.jen.2021.040
07-ET-PHAM VAN HUNG(50-57)007,Optimization of condition for pectin extraction from pomelo peel using response surface methodology,2020,10.22144/ctu.jen.2020.007,https://doi.org/10.22144/ctu.jen.2020.007
07-FI-TRAN THI THANH HIEN(61-72)016,"Effects of dietary protein and lipid levels on growth, feed utilization and meat quality of clown knifefish (Chitala chitala)",2022,10.22144/ctu.jen.2022.016,https://doi.org/10.22144/ctu.jen.2022.016
07-NS-NGUYEN DIEN TRUNG(45-52)015,Al2TiO5/SBA-15 promoting photocatalytic degradation of cinnamic acid,2020,10.22144/ctu.jen.2020.015,https://doi.org/10.22144/ctu.jen.2020.015
07-TRAN KHOA NGUYEN(52-60)030,"Investigation of the antibacterial activity against Cutibacterium acnes of lysozyme purified from ""Co Co"" duck egg whites",2021,10.22144/ctu.jen.2021.030,https://doi.org/10.22144/ctu.jen.2021.030
08-1148-HO NGOC TON(58-68)323,An automated data collection process for constructing graph data relying on LLMs,2024,10.22144/ctujoisd.2024.323,https://doi.org/10.22144/ctujoisd.2024.323
08-479-NS-TRAN THANH TUAN(64-70)008,Investigating the leaching performance of ferric chloride solution for metallic alloys resulting from reduction smelting of spent lithium-ion batteries,2023,10.22144/ctu.jen.2023.008,https://doi.org/10.22144/ctu.jen.2023.008
08-586-B-DO TAN KHANG(60-67)021,Effects of Titanium Dioxide nanoparticles on salinity tolerance of rice (Oryza sativa L.) at the seedling stage,2023,10.22144/ctu.jen.2023.021,https://doi.org/10.22144/ctu.jen.2023.021
08-630-CHERY FERNANDEZ(81-91)053,Career preferences of Filipino senior high school students,2023,10.22144/ctujoisd.2023.053,https://doi.org/10.22144/ctujoisd.2023.053
08-655-LONG DUONG(76-87)260,The effects of trade on national productivity -A stimulant or its handmaiden: An empirical evidence from ASEAN nations,2024,10.22144/ctujoisd.2024.260,https://doi.org/10.22144/ctujoisd.2024.260
08-693-HONG QUAN NGUYEN(62-75)036,Career path prediction using XGBoost Model and students' academic results,2023,10.22144/ctujoisd.2023.036,https://doi.org/10.22144/ctujoisd.2023.036
08-768-VU AN TRAN(51-57)281,Effect of fiber type on performance of fiber reinforced concrete applied for hydraulic construction,2024,10.22144/ctujoisd.2024.281,https://doi.org/10.22144/ctujoisd.2024.281
08-819-Peter Sanjo Adewale(75-84)293,"Health risk assessment of heavy metals transfer from soil to Celosia trigyna and Amaranthus viridis along Lekki Peninsula, Lagos, Nigeria",2024,10.22144/ctujoisd.2024.293,https://doi.org/10.22144/ctujoisd.2024.293
08-855-PHAN THI ANH TUYET(71-83)308,Factors influencing environmental and circular economy disclosure of Viet Nam listed companies,2024,10.22144/ctujoisd.2024.308,https://doi.org/10.22144/ctujoisd.2024.308
08-AE-BUI THUY VY(65-79)008,AN Ab initio STUDY OF CIS-[PTCL2(IPRAM)(HPZ)] BINDING TO BASE PURINES GUANINE AND ADENINE,2017,10.22144/ctu.jen.2017.008,https://doi.org/10.22144/ctu.jen.2017.008
08-AE-TRAN VAN DUNG(52-62)43,THE EFFECT OF CROP ROTATION ON THE STRUCTURE OF THE FUNGAL COMMUNITY COLONISING RICE STRAW RESIDUES IN PADDY RICE CULTURED SOIL IN THE MEKONG DELTA OF VIETNAM,2016,10.22144/ctu.jen.2016.043,https://doi.org/10.22144/ctu.jen.2016.043
08-AV-TRAN NGOC BICH(56-62)027,Molecular characterization of infectious bronchitis virus (IBV) isolated from commercial chicken farms,2017,10.22144/ctu.jen.2017.027,https://doi.org/10.22144/ctu.jen.2017.027
08-BE-NGO THI PHUONG DUNG(47-52),PREPARATION OF FUNGAL ALCOHOLIC STARTER USING RICE MALT AS SUBSTRATE,2015,,
08-CE-NGO VAN THIEN(66-70)008,Effects of computer-based feedback and formative assessment on learning outcomes,2021,10.22144/ctu.jen.2021.008,https://doi.org/10.22144/ctu.jen.2021.008
08-E9-NGUYEN DUY TAN(54-61)095,"Bioactive compounds, pigment content and antioxidant activity of Pouzolzia zeylanica plant collected at different growth stages",2018,10.22144/ctu.jsi.2018.095,https://doi.org/10.22144/ctu.jsi.2018.095
08-ED-DOAN THI LOAN(56-66)008,An evaluation of general English course from non-English major students' learning needs analysis,2018,10.22144/ctu.jen.2018.008,https://doi.org/10.22144/ctu.jen.2018.008
08-ED-DUONG DOAN TRANG(49-56),LECTURERS AND STUDENTS' PERCEPTION OF EFL POLICY AND PRACTICE AT A HIGHER EDUCATION INSTITUTE,2016,10.22144/ctu.jen.2016.023,https://doi.org/10.22144/ctu.jen.2016.023
08-ED-LE TRAN THANH LIEM(63-69)039,Research on environmental education through extra-curricular activities organized by community resources for primary students in rural areas of Hau Giang province,2018,10.22144/ctu.jen.2018.039,https://doi.org/10.22144/ctu.jen.2018.039
08-ED-PHUONG HOANG YEN(57-64)039,Students' perceptions of a blended learning environment for English training at a university in Vietnam,2019,10.22144/ctu.jen.2019.039,https://doi.org/10.22144/ctu.jen.2019.039
08-ED-TRAN THI THANH QUYEN(51-60)024,An investigation into English preparatory programs for EMI learning in higher education institutes in Vietnam,2019,10.22144/ctu.jen.2019.024,https://doi.org/10.22144/ctu.jen.2019.024
08-ET-NGUYEN KIM CHUNG(52-58)024,Superparamagnetic nanoparticles as a recyclable heterogeneous catalyst for the direct synthesis of carbamates containing biothiazole moiety,2018,10.22144/ctu.jen.2018.024,https://doi.org/10.22144/ctu.jen.2018.024
08-ET-NGUYEN NHUT TIEN(50-62),APPLICATION OF STATCOMS TO IMPROVE STATIC VOLTAGE STABILITY FOR VIETNAM POWER SYSTEM WITH GRID CONNECTION OF LARGE NUCLEAR POWER PLANT,2016,,
08-ET-NGUYEN VAN DAT(60-63)008,The preparation of Ca 2+ -selective electrodes,2019,10.22144/ctu.jen.2019.008,https://doi.org/10.22144/ctu.jen.2019.008
08-FI-NGUYEN THI KIM MY(66-72)025,Effect of sodium chloride and temperature on biofilm formation and virulence of Flavobacterium columnare isolated from striped catfish (Pangasianodon hypophthalmus),2020,10.22144/ctu.jen.2020.025,https://doi.org/10.22144/ctu.jen.2020.025
08-FT-DUONG THI NGOC DIEP(58-65)041,Optimization of the encapsulation of the mixture made from flesh and peel pitaya extract by spray drying,2021,10.22144/ctu.jen.2021.041,https://doi.org/10.22144/ctu.jen.2021.041
08-FT-DUONG THI NGOC DIEP(74-80)008,Impact of temperature and relative humidity on physicochemical properties of the spray dried red flesh pitaya powder during storage,2022,10.22144/ctu.jen.2022.008,https://doi.org/10.22144/ctu.jen.2022.008
08-NS-BUI THI BUU HUE(73-82)020,Quinazolinone based hydroxamates as anti-inflammatory agents,2022,10.22144/ctu.jen.2022.020,https://doi.org/10.22144/ctu.jen.2022.020
08-NS-NGO QUOC LUAN(58-62)008,"Extraction, isolation and identification of four methoxyflavones from leaves of Muntingia calabura L",2020,10.22144/ctu.jen.2020.008,https://doi.org/10.22144/ctu.jen.2020.008
08-NS-NGUYEN QUOC DUNG(53-59)016,Forecasting time series with long short-term memory networks,2020,10.22144/ctu.jen.2020.016,https://doi.org/10.22144/ctu.jen.2020.016
08-TRUONG MINH UT(61-68)031,Antimicrobial activity of herbal extracts against Vibrio spp. bacteria isolated from white feces syndrome on white leg shrimp (Litopenaeus vannamei) in some provinces in the mekong delta,2021,10.22144/ctu.jen.2021.031,https://doi.org/10.22144/ctu.jen.2021.031
09-1156-DUONG TUAN ANH(69-79)324,EMD combined with ensemble of machine learning predictors for foreign exchange rate forecasting,2024,10.22144/ctujoisd.2024.324,https://doi.org/10.22144/ctujoisd.2024.324
09-480-NS-NGUYEN THI HONG(71-78)009,Adsorption of Co(II) from the simulated solution by zeolite NaX derived from rice husk ash,2023,10.22144/ctu.jen.2023.009,https://doi.org/10.22144/ctu.jen.2023.009
09-551-C-NGUYEN THI KHANH DOAN(68-78)022,An insight into non-English major learners' task engagement from a sociocultural perspective,2023,10.22144/ctu.jen.2023.022,https://doi.org/10.22144/ctu.jen.2023.022
09-637-NGO TRUONG NGOC MAI(92-102)054,Study of the activation of Truc Thon ball clay by acids,2023,10.22144/ctujoisd.2023.054,https://doi.org/10.22144/ctujoisd.2023.054
09-656-HUYNH THI PHUONG LOAN(88-96)263,Development of a procedure for the production of oat-supplemented wheat bread,2024,10.22144/ctujoisd.2024.263,https://doi.org/10.22144/ctujoisd.2024.263
09-702-LAM MINH DUNG(76-82)037,Application of IoT technology on control system and monitoring for Cucumis Melo L. grown in greenhouse,2023,10.22144/ctujoisd.2023.037,https://doi.org/10.22144/ctujoisd.2023.037
09-808-PHAM HUU HA GIANG(58-63)282,Investigation on manhole sludge in Can Tho City,2024,10.22144/ctujoisd.2024.282,https://doi.org/10.22144/ctujoisd.2024.282
09-820-Dyanika P. Nolasco(85-95)294,Going beyond borders after a pandemic: Preparedness of teachers to embrace E-learning in a small Philippine university,2024,10.22144/ctujoisd.2024.294,https://doi.org/10.22144/ctujoisd.2024.294
09-860-Oluwakemi Tovide(84-91)309,Physicochemical and toxicological characteristics of leachates and water quality around dumpsites in Lagos Nigeria,2024,10.22144/ctujoisd.2024.309,https://doi.org/10.22144/ctujoisd.2024.309
09-AE-KIM LAVANE(80-86)009,"PHOSPHATE SOLUBILIZING MICROORGANISMS ISOLATED FROM MANOA SOIL IN OAHU, HAWAI'I",2017,10.22144/ctu.jen.2017.009,https://doi.org/10.22144/ctu.jen.2017.009
09-BE-DO TAN KHANG(63-70)44,EFFECTS OF EXTRACTION METHODS AND STORAGE CONDITIONS ON HISTAMINE CONTENT IN FROZEN TUNA (Thunnus albacares),2016,10.22144/ctu.jen.2016.044,https://doi.org/10.22144/ctu.jen.2016.044
09-BE-NGUYEN MINH THUY(53-60),EXTRACTION OF BIOACTIVE COMPOUNDS AND SPORE POWDER COLLECTION FROM Ganoderma lucidum,2015,,
09-DE-NGUYEN QUANG TRUNG(71-77)009,Corporate cultural characteristics of startups in developed countries and recommendations for vietnamese small businesses,2021,10.22144/ctu.jen.2021.009,https://doi.org/10.22144/ctu.jen.2021.009
09-E10-NGUYEN HONG THAO(62-71)096,"Establishing an integrated model for supporting agricultural land use planning: A case study in Tran De district, Soc Trang province",2018,10.22144/ctu.jsi.2018.096,https://doi.org/10.22144/ctu.jsi.2018.096
09-ED-LE TRAN THANH LIEM(67-74)009,Research on situation of environmental education for primary students in rural areas of Hau Giang province,2018,10.22144/ctu.jen.2018.009,https://doi.org/10.22144/ctu.jen.2018.009
09-EN-CHAU THI ANH THY(70-80)040,Syntrophic interaction in organochlorine bioremediation: A review,2018,10.22144/ctu.jen.2018.040,https://doi.org/10.22144/ctu.jen.2018.040
09-ET-DOAN VAN HONG THIEN(63-68)028,Electrospun CuO/Ag nanofibers for nonenzymatic glucose sensors,2017,10.22144/ctu.jen.2017.028,https://doi.org/10.22144/ctu.jen.2017.028
09-ET-LE THANH PHONG(65-74)040,Factors affecting technology transfer in the Mekong Delta,2019,10.22144/ctu.jen.2019.040,https://doi.org/10.22144/ctu.jen.2019.040
09-ET-NGO QUOC LUAN(57-60),ISOLATION AND CHARACTERIZATION OF THREE NATURAL COMPOUNDS FROM THE STEM BARK OF Cassia grandis L.F,2016,10.22144/ctu.jen.2016.024,https://doi.org/10.22144/ctu.jen.2016.024
09-ET-NGUYEN TRUNG TRUC(63-68),DATA-BASED MECHANISTIC MODELING APPROACH FOR PREDICTING THERMAL RESPONSE OF CONDUCTIVE FOOD DURING HEATING PROCESSES,2016,,
09-ET-NGUYEN VAN DAT(61-68)025,Evaluation of the oxidation stability of jatropha biodiesel/diesel blends,2019,10.22144/ctu.jen.2019.025,https://doi.org/10.22144/ctu.jen.2019.025
09-ET-TRAN THI BICH QUYEN(64-69)009,Comparative study of preparation and characterization of palladium nanosheets,2019,10.22144/ctu.jen.2019.009,https://doi.org/10.22144/ctu.jen.2019.009
09-FI-DINH XUAN HUNG(59-64)025,The fishing effort and stock biomass of trawl fishery in the South -East offshore waters of Vietnam,2018,10.22144/ctu.jen.2018.025,https://doi.org/10.22144/ctu.jen.2018.025
09-FT-DUONG THI NGOC DIEP1(81-90)009,"Physicochemical, antioxidant and microbiological behavior of soursop purees during thermal treatment",2022,10.22144/ctu.jen.2022.009,https://doi.org/10.22144/ctu.jen.2022.009
09-LA-NGUYEN THI BAO ANH(73-79)026,Medical malpractice liability insurance: Comparision of Vietnam to some European countries,2020,10.22144/ctu.jen.2020.026,https://doi.org/10.22144/ctu.jen.2020.026
09-NS-BUI THI BUU HUE(83-92)021,"Docking-Based Virtual Screening for the Discovery of 1,3,4-Oxadiazoles as Aminoacyl-tRNA Synthetase Inhibitors",2022,10.22144/ctu.jen.2022.021,https://doi.org/10.22144/ctu.jen.2022.021
09-NS-LE THI BACH(66-70)042,Chemical composition and antioxidant activity of Psidium guajava L. leaves,2021,10.22144/ctu.jen.2021.042,https://doi.org/10.22144/ctu.jen.2021.042
09-NS-NGUYEN THI HONG(60-67)017,Separation and recovery of Co(II) and Li(I) from spent lithium-ion mobile phone batteries,2020,10.22144/ctu.jen.2020.017,https://doi.org/10.22144/ctu.jen.2020.017
09-VO DINH LE TAM(69-76)032,Antioxidant activity of enzyme-assisted extract derived from round kumquat peel (Fortunella japonica),2021,10.22144/ctu.jen.2021.032,https://doi.org/10.22144/ctu.jen.2021.032
10-1160-NGO HO ANH KHOA(80-90)325,VQABG: Vietnamese question/answers benchmark generator for field-specific chatbot ground-truth dataset using EMINI (Exact Match wIth Numeric Information) indicator,2024,10.22144/ctujoisd.2024.325,https://doi.org/10.22144/ctujoisd.2024.325
10-481-NS-LE THI BACH(79-83)010,Chemical composition and antibacterial property of Eclipta prostrata (L.) L,2023,10.22144/ctu.jen.2023.010,https://doi.org/10.22144/ctu.jen.2023.010
10-554-C-LE XUAN MAI(79-91)023,Tertiary students' preferences on extracurricular activities for English learning: Voices from the field of Advanced Program in Biotechnology,2023,10.22144/ctu.jen.2023.023,https://doi.org/10.22144/ctu.jen.2023.023
10-642-PHAN NGUYEN TRANG(103-109)055,"Prevalence and antibiotic resistance of Staphylococcus aureus isolated from Pangasius fish and fish processing handlers in the Mekong Delta, Viet Nam",2023,10.22144/ctujoisd.2023.055,https://doi.org/10.22144/ctujoisd.2023.055
10-658-PHAM BICH NHU(97-105)268,The hit problem of three variables for the cohomology of the classifying space 𝑩𝑬 𝒔 as a module over the mod 3 Steenrod Algebra at some low degrees,2024,10.22144/ctujoisd.2024.268,https://doi.org/10.22144/ctujoisd.2024.268
10-703-NGUYEN MINH KHIEM(83-92)038,Predicting graduation grades using Machine Learning: A case study of Can Tho University students,2023,10.22144/ctujoisd.2023.038,https://doi.org/10.22144/ctujoisd.2023.038
10-810-QUOC PHONG HO(64-73)283,Optimization of non-thermal plasma process to remove methyl blue towards application in wastewater treatment,2024,10.22144/ctujoisd.2024.283,https://doi.org/10.22144/ctujoisd.2024.283
10-822-HO BICH NHU(96-104)295,The effects of implementing the flipped class model on non-English majored students' writing performance,2024,10.22144/ctujoisd.2024.295,https://doi.org/10.22144/ctujoisd.2024.295
10-925-NGUYEN MINH NHUT(92-101)310,Removal of Dibenzofuran from aqueous solution by sugarcane bagasse-based biochar,2024,10.22144/ctujoisd.2024.310,https://doi.org/10.22144/ctujoisd.2024.310
10-AE-NGUYEN DINH TRUNG(87-94)010,SORPTION OF AS 5+ FROM AQUEOUS SOLUTION BY LEPIDOCROCIT (γ-FEOOH) NANOPARTICLE,2017,10.22144/ctu.jen.2017.010,https://doi.org/10.22144/ctu.jen.2017.010
10-BE-HUYNH TRUONG GIANG(71-80)45,"CHEMICAL COMPOSITION, ANTIOXIDANT ACTIVITY OF CRUDE POLYSACCHARIDE EXTRACTED FROM BROWN SEAWEED Sargassum microcystum AND ITS EFFECT ON GROWTH PERFORMANCE AND SURVIVAL OF WHITELEG SHRIMP Litopenaeus vannamei VIA DIETARY ADMINISTRATION",2016,10.22144/ctu.jen.2016.045,https://doi.org/10.22144/ctu.jen.2016.045
10-BE-NGUYEN THI MY TUYEN(61-68),EFFECT OF ENZYMATIC TREATMENTS ON LYCOPENE In vitro BIOACCESSIBILITY IN HIGH PRESSURE HOMOGENIZED TOMATO PUREE AND CHROMOPLAST FRACTION,2015,,
10-E14-NGUYEN THI KIM DONG(72-78)097,"A response of feed utilization, nutrient digestibility and growth rate of crossbred rabbits to sugarcane stalk residue in the basal diet with Operculina turpethum supplementation",2018,10.22144/ctu.jsi.2018.097,https://doi.org/10.22144/ctu.jsi.2018.097
10-ED-NGUYEN NGOC QUYEN(75-83)010,Listening comprehension: First year English-major students' perceptions and problems,2018,10.22144/ctu.jen.2018.010,https://doi.org/10.22144/ctu.jen.2018.010
10-ET-DANG HUYNH GIAO(78-84)010,Bimetallic CuCo-Zeolitic imidazole frameworks (CuCo-ZIFs): Synthesis and characterization,2021,10.22144/ctu.jen.2021.010,https://doi.org/10.22144/ctu.jen.2021.010
10-ET-HUYNH TRONG PHUOC(69-73)029,Engineering properties of unfired building bricks incorporating various industrial wastes,2017,10.22144/ctu.jen.2017.029,https://doi.org/10.22144/ctu.jen.2017.029
10-ET-NGUYEN THI HONG(81-87)041,Study on extraction behavior of vanadium from acidic sulfate solutions,2018,10.22144/ctu.jen.2018.041,https://doi.org/10.22144/ctu.jen.2018.041
10-ET-TRAN THI BICH QUYEN(61-70),ENERGY EFFICIENCY RESEARCH OF HEAT INSULATION SOLAR GLASS ON BUILDINGS,2016,10.22144/ctu.jen.2016.025,https://doi.org/10.22144/ctu.jen.2016.025
10-ET-VO TRAN THI BICH CHAU(69-80)026,Effect of the surface mounting technology assembly based on lean production: A case study,2019,10.22144/ctu.jen.2019.026,https://doi.org/10.22144/ctu.jen.2019.026
10-FI-DUONG THUY YEN(70-77)010,Variation in morphometric characteristics between cultured and wild striped snakehead (Channa striata) populations in the Mekong Delta,2019,10.22144/ctu.jen.2019.010,https://doi.org/10.22144/ctu.jen.2019.010
10-FI-HUYNH TRUONG GIANG(69-76),ASSESSMENT OF NUTRITIONAL VALUE AND ANTIOXIDANT ACTIVITY OF POLYSACCHARIDE EXTRACTS FROM BROWN SEAWEED Sargassum flavicans FOR AQUACULTURE USES,2016,,
10-FI-NGUYEN THI NGOC ANH(65-71)026,Effects of partial replacement of fishmeal protein by protein extracted from green seaweed (Cladophoraceae) in mudskipper (Pseudapocryptes elongatus) diets,2018,10.22144/ctu.jen.2018.026,https://doi.org/10.22144/ctu.jen.2018.026
10-IT-TRAN TUAN MINH(91-98)010,An object detection method for aerial hazy images,2022,10.22144/ctu.jen.2022.010,https://doi.org/10.22144/ctu.jen.2022.010
10-NS-NGO QUOC LUAN(71-78)043,Primary investigating chemical constituents of bioactive extract from Centrostachys aquatica (R.Br.) Wall. ex Moq.-Tand,2021,10.22144/ctu.jen.2021.043,https://doi.org/10.22144/ctu.jen.2021.043
10-NS-NGUYEN DIEN TRUNG(93-98)014,Synthesis of silver nanoparticles using extract of Citrus maxima peel,2022,10.22144/ctu.jen.2022.014,https://doi.org/10.22144/ctu.jen.2022.014
10-NS-RAHEN MAHMUDA(80-84)027,In vitro anti-inflammatory resorcinol derivatives and their in silico analysis,2020,10.22144/ctu.jen.2020.027,https://doi.org/10.22144/ctu.jen.2020.027
10-NS-TRAN THI THANH BINH(75-82)041,"Diversity of centipedes (Chilopoda: Scolopendromorpha and Scutigeromorpha) in Xuan Nha Nature Reserve, Son La province, Vietnam",2019,10.22144/ctu.jen.2019.041,https://doi.org/10.22144/ctu.jen.2019.041
10-VO VAN SONG TOAN(77-84)033,Evaluation of the purification process of phosvitin extracted from chicken egg yolk using liquid chromatography,2021,10.22144/ctu.jen.2021.033,https://doi.org/10.22144/ctu.jen.2021.033
101-Huynh Xuan Phong(1-6),STUDY ON FERMENTATION CONDITIONS FOR BIOETHANOL PRODUCTION FROM COCOA POD HYDROLYSATE,2016,,
102-Le Thi Ngoc Ly(7-10),BIOLOGICAL CHARACTERISTICS OF POON TREES Calophyllum inophyllum L. AND ITS EXTRACTED OIL USED AS STARTING MATERIAL FOR BIODIESEL PRODUCTION,2016,,
103_TRAN LAN PHUONG(11-17),POTENTIAL OF USING ACTIVATED SLUDGE AS FEEDSTOCK FOR BIODIESEL PRODUCTION IN TAIWAN,2016,,
11-1165-NGUYEN MINH KHIEM(91-97)326,Using U-Net models in deep learning for brain tumor detection from MRI scans,2024,10.22144/ctujoisd.2024.326,https://doi.org/10.22144/ctujoisd.2024.326
11-483-NS-NGO THANH PHONG(84-90)011,"Identifying biofilm forming bacteria in cow milk in Mekong Delta, Viet Nam",2023,10.22144/ctu.jen.2023.011,https://doi.org/10.22144/ctu.jen.2023.011
11-587-C-NOLASCO DYANIKA(92-102)024,Learning Management System usage: Unwrapping its potentials and drawbacks,2023,10.22144/ctu.jen.2023.024,https://doi.org/10.22144/ctu.jen.2023.024
11-649-NGUYEN THI MY LINH(110-124)056,A legal perspective on child support obligation after divorce: The Vietnamese case,2023,10.22144/ctujoisd.2023.056,https://doi.org/10.22144/ctujoisd.2023.056
11-659-THANH NGOC NGUYEN(106-113)270,Repurpose the antimicrobial peptide Buforin II for plasmid transformation into Escherichia coli,2024,10.22144/ctujoisd.2024.270,https://doi.org/10.22144/ctujoisd.2024.270
11-707-KOUSHIK ROY(93-101)039,Impact of dimensionality reduction techniques on student performance prediction using machine learning,2023,10.22144/ctujoisd.2023.039,https://doi.org/10.22144/ctujoisd.2023.039
11-825-Liriolyn B. Pacursa(105-115)296,The art of classroom observation: The Case of Quirino State University and Can Tho University,2024,10.22144/ctujoisd.2024.296,https://doi.org/10.22144/ctujoisd.2024.296
11-847-LE HOANG(74-82)284,Study on the stable behavior of the river embankment system considering climate change impacts and pressure wave,2024,10.22144/ctujoisd.2024.284,https://doi.org/10.22144/ctujoisd.2024.284
11-948-NGUYEN VO AI MI(102-111)311,Evaluating pile foundation design due to groundwater level lowering,2024,10.22144/ctujoisd.2024.311,https://doi.org/10.22144/ctujoisd.2024.311
11-AE-NGUYEN TRUNG THANH(95-100)011,SYNTHESIS OF BRANCHED CONJUGATED COPOLYMERS BASED ON TRIPHENYLAMINE AND 3-HEXYLTHIOPHENE UNITS,2017,10.22144/ctu.jen.2017.011,https://doi.org/10.22144/ctu.jen.2017.011
11-BE-LAM THI VIET HA(81-86)46,PHYSICO-CHEMICAL PROPERTIES OF FOURTEEN POPULAR COCOA BEAN VARIETIES IN DONGNAI -HIGHLAND VIETNAM,2016,10.22144/ctu.jen.2016.046,https://doi.org/10.22144/ctu.jen.2016.046
11-BE-NGUYEN VAN THU(69-80),LIVESTOCK PRODUCTION SYSTEMS ADAPTING TO THE GLOBAL CRISES IN TROPICAL DEVELOPING COUNTRIES: A REVIEW,2015,,
11-E16-PHAN THI BICH TRAM(79-87)098,Optimization of the polyphenolics extraction from red rice bran by response surface methodology,2018,10.22144/ctu.jsi.2018.098,https://doi.org/10.22144/ctu.jsi.2018.098
11-ED-PHAM THI THANH THUY(84-89)011,Teaching practice collaborative learning in English for academic Purposes writing classes at Vietnam National Economics University,2018,10.22144/ctu.jen.2018.011,https://doi.org/10.22144/ctu.jen.2018.011
11-ET-LUU TRONG HIEU(74-82)030,A navigation and identificationsimulated chemicals using autonomous mobile robot with ceiling camera and onboard micro-spectrometer,2017,10.22144/ctu.jen.2017.030,https://doi.org/10.22144/ctu.jen.2017.030
11-ET-NGUYEN THI NGOC TRAN(88-95)042,"Benzimidazole synthesis via oxidative condensation of 1,2-diaminoarenes with primary amines using MOF-235 as an effective heterogeneous catalyst",2018,10.22144/ctu.jen.2018.042,https://doi.org/10.22144/ctu.jen.2018.042
11-FI-DUONG THUY YEN(81-88)027,Genetic diversity of Pangasius krempfi in the Mekong River estuaries,2019,10.22144/ctu.jen.2019.027,https://doi.org/10.22144/ctu.jen.2019.027
11-FI-NGO THI THU THAO(78-86)011,Evaluating the effects of single cell detritus from red seaweed (Gracillaria tenuistipitata) and gutweed (Enteromorpha sp.) on growth of Artemia franciscana,2019,10.22144/ctu.jen.2019.011,https://doi.org/10.22144/ctu.jen.2019.011
11-FI-NGUYEN PHUONG NGOC DOAN(77-83),DYNAMICS OF NITROGEN IN INTENSIVE CULTURE OF WHITELEG SHRIMP IN (Litopenaeus vannamei) TANK INTEGRATED WITH HYBRID CONSTRUCTED WETLANDS,2016,,
11-FI-VU NGOC UT(71-78),ASSESSMENT OF WATER QUALITY IN STRIPED CATFISH (Pangasianodon hypophthalmus) PRODUCTION SYSTEMS IN THE MEKONG DELTA,2016,10.22144/ctu.jen.2016.026,https://doi.org/10.22144/ctu.jen.2016.026
11-NS-HUYNH DUC QUOC(72-76)027,Inverse version of the k th maximization combinatorial optimization problem,2018,10.22144/ctu.jen.2018.027,https://doi.org/10.22144/ctu.jen.2018.027
11-NS-NGUYEN TRUNG HAU(99-108)013,The effects of extraction conditions on the yield of crude pectin extract from passion fruit (Passiflora edulis Sims.) and the application of the extract on jam forming ability,2022,10.22144/ctu.jen.2022.013,https://doi.org/10.22144/ctu.jen.2022.013
11-NS-SUKUMAR BEPARY(85-89)028,Pyrazole substituted resorcinol derivatives with PI3Kγ inhibitory potential,2020,10.22144/ctu.jen.2020.028,https://doi.org/10.22144/ctu.jen.2020.028
11-SE-HUYNH THI DAN XUAN(79-88)044,Estimating economic value of household municipal solid waste reduction program: A willingness-to-accept (WTA) approach,2021,10.22144/ctu.jen.2021.044,https://doi.org/10.22144/ctu.jen.2021.044
12-1171-HAI THANH NGUYEN(98-106)327,A multivariate analysis of the early dropout using classical machine learning and local interpretable model-agnostic explanations,2024,10.22144/ctujoisd.2024.327,https://doi.org/10.22144/ctujoisd.2024.327
12-496-NS-NGO QUOC LUAN(91-97)012,Isolation and identification of triterpenoid compounds from Couroupita guianensis Aubl,2023,10.22144/ctu.jen.2023.012,https://doi.org/10.22144/ctu.jen.2023.012
12-548-D-NGUYEN DANH NAM(103-115)025,"The impact of personality traits on the ethical leadership, job performance and job satisfaction of public servants -A case study of the Northern public sector of Vietnam",2023,10.22144/ctu.jen.2023.025,https://doi.org/10.22144/ctu.jen.2023.025
12-661-PHUONG QUY CHAU(114-121)271,Compatibility and effect of capacity ratios between Na3V2(PO4)3 and hard carbon in highly concentrated sodium bis (fluorosulfonyl) imide electrolyte,2024,10.22144/ctujoisd.2024.271,https://doi.org/10.22144/ctujoisd.2024.271
12-669-NGUYEN PHU QUY(125-129)057,",3,4-Oxadiazole derivatives as potent antifungal agents: Synthesis, biological evaluation and an in silico study",2023,10.22144/ctujoisd.2023.057,https://doi.org/10.22144/ctujoisd.2023.057
12-715-NGUYEN TRAN DIEM HANH(102-109)040,Topic based document modeling for information filtering,2023,10.22144/ctujoisd.2023.040,https://doi.org/10.22144/ctujoisd.2023.040
12-797-LUONG VINH QUOC DANH(83-93)285,Applications of IoT technology for climate change adaptation in the Mekong Delta,2024,10.22144/ctujoisd.2024.285,https://doi.org/10.22144/ctujoisd.2024.285
12-827-Osahon Idemudia(116-130)297,"Evaluating the performance of Random Forest, Decision Tree, Support Vector Regression and Gradient Boosting for streamflow prediction",2024,10.22144/ctujoisd.2024.297,https://doi.org/10.22144/ctujoisd.2024.297
12-867-Ilaboya Idowu Rudolph(112-123)312,Assessing aquifer vulnerability near cemeteries using dipole-dipole and vertical electrical sounding methods,2024,10.22144/ctujoisd.2024.312,https://doi.org/10.22144/ctujoisd.2024.312
12-AE-NGUYEN VAN DAT(101-108)012,APPLICATION OF RESPONSE SURFACE METHODOLOGY FOR OPTIMIZING TRANSESTERIFICATION OF COCONUT OIL,2017,10.22144/ctu.jen.2017.012,https://doi.org/10.22144/ctu.jen.2017.012
12-BE-NGUYEN MINH THUY(87-94)47,STUDY ON FOLATE STABILITY DURING THERMAL PROCESSING,2016,10.22144/ctu.jen.2016.047,https://doi.org/10.22144/ctu.jen.2016.047
12-BE-PHAM THANH VU(81-88),AGRO-ECOLOGICAL DYNAMICS IN THE COASTAL AREAS OF THE VIETNAMESE MEKONG DELTA IN THE CONTEXT OF CLIMATE CHANGE: A CASE STUDY IN BAC LIEU PROVINCE,2015,,
12-ED-TRAN THI THANH QUYEN(90-97)012,Flipped model for improving students' English speaking performance,2018,10.22144/ctu.jen.2018.012,https://doi.org/10.22144/ctu.jen.2018.012
12-ET-TRAN THI BICH QUYEN(96-104)043,Comparative study of chitosan/Ag nanocomposites synthesis and test their antibacterial activity on Staphylococcus aureus and Escherichia coli,2018,10.22144/ctu.jen.2018.043,https://doi.org/10.22144/ctu.jen.2018.043
12-FI-LE QUOC VIET(83-92)031,Effects of photoperiods on growth and quality of white leg shrimp (Litopenaeus vannamei) in biofloc system,2017,10.22144/ctu.jen.2017.031,https://doi.org/10.22144/ctu.jen.2017.031
12-FI-NGO THI THU THAO(89-96)028,Growth and survival rate of mud clam larvae (Geloina sp.) in relation to rearing densities and diets,2019,10.22144/ctu.jen.2019.028,https://doi.org/10.22144/ctu.jen.2019.028
12-FI-TRAN THI TUYET HOA(84-89),RAPID DETECTION OF Streptococcus iniae IN RED TILAPIA TISSUE (Oreochromis sp.) BY POLYMERASE CHAIN REACTION,2016,,
12-FT-TRAN THI MINH THU(87-94)012,Studies on betalains chemistry from the Vietnamese red dragon fruits (Hylocereus polyrhizus) by LC-ESI-MS/MS,2019,10.22144/ctu.jen.2019.012,https://doi.org/10.22144/ctu.jen.2019.012
12-LA-NGUYEN LAN HUONG(79-84),VIETNAMESE LAW ON DURATION OF FARMERS' LAND RIGHTS: DEVELOPEMENT AND LIMITS,2016,10.22144/ctu.jen.2016.027,https://doi.org/10.22144/ctu.jen.2016.027
12-NS-HUYNH NHU(77-80)028,"Synthesis and acute toxicity evaluation of Hantzsch 1,4-dihydropyridine derivatives",2018,10.22144/ctu.jen.2018.028,https://doi.org/10.22144/ctu.jen.2018.028
12-SE-NGUYEN THUY TRANG(89-99)045,Value chain and competitiveness of OCOP standardized clown knife fish products in Hau Giang province,2021,10.22144/ctu.jen.2021.045,https://doi.org/10.22144/ctu.jen.2021.045
13-509-SH-NGUYEN THI PHI(98-105)013,An Overview on Social Withdrawal-Hikikomori in Japan and Support in the Context of COVID-19 Pandemic,2023,10.22144/ctu.jen.2023.013,https://doi.org/10.22144/ctu.jen.2023.013
13-583-D-CHAU ANH VU(116-125)026,The impact of the free cash flow and the firm's life cycle on dividend policy: Evidence from Vietnam's listed firms,2023,10.22144/ctu.jen.2023.026,https://doi.org/10.22144/ctu.jen.2023.026
13-673-LUONG QUYNH VU THANH(122-131)261,NaY zeolite synthesis from rice husk ash for Chromium(VI) ion adsorption,2024,10.22144/ctujoisd.2024.261,https://doi.org/10.22144/ctujoisd.2024.261
13-689-QUOC BAO TRUONG(110-118)041,Face and number plate recognition for car anti-theft,2023,10.22144/ctujoisd.2023.041,https://doi.org/10.22144/ctujoisd.2023.041
13-829-Romiro G. Bautista(131-138)298,Lesson study: A cross-cultural analysis between the Philippines and Viet Nam,2024,10.22144/ctujoisd.2024.298,https://doi.org/10.22144/ctujoisd.2024.298
13-877-Mokwenye-Ikebu Ifesinachi(124-139)313,Integrating the cellular vortex method with remote sensing and geographical information systems in the modelling of coastal flooding around Niger Delta,2024,10.22144/ctujoisd.2024.313,https://doi.org/10.22144/ctujoisd.2024.313
13-AE-PHAN HONG PHUONG(109-113)013,BLENDING OF VEGETABLE OILS AND CHEMICAL MODIFICATION BY EPOXIDATION FOLLOWED BY OXIRANE RING-OPENING REACTION,2017,10.22144/ctu.jen.2017.013,https://doi.org/10.22144/ctu.jen.2017.013
13-BE-NGUYEN THI THU HUYEN(95-99)48,"PIG PRODUCTION AND RISK EXPOSURE: A CASE STUDY IN HUNG YEN, VIETNAM",2016,10.22144/ctu.jen.2016.048,https://doi.org/10.22144/ctu.jen.2016.048
13-BE-PHAN THI THANH QUE(89-95),PREDICTIVE CONTROLLED-ATMOSPHERE-MODEL FOR THE OPENING OF CAPS AND SENSORY QUALITY OF FRESH MUSHROOMS (Agaricus bisporus),2015,,
13-ED-VO PHUONG QUYEN(98-105)013,English lecturers' perceptions of improving English teaching quality through action research: What do lecturers of Can Tho University say?,2018,10.22144/ctu.jen.2018.013,https://doi.org/10.22144/ctu.jen.2018.013
13-FI-LY VAN KHANH(105-113)044,Effects of different C:N ratios on growth and survival of spotted scat (Scatophagus argus) in the biofloc system,2018,10.22144/ctu.jen.2018.044,https://doi.org/10.22144/ctu.jen.2018.044
13-FT-DUONG THI PHUONG LIEN(93-101)032,Effect of germination on antioxidant capacity and nutritional quality of soybean seeds (Glycinemax (L.) Merr.),2017,10.22144/ctu.jen.2017.032,https://doi.org/10.22144/ctu.jen.2017.032
13-FT-NGUYEN DUY TAN(97-105)029,"Comparative analysis of the bioactive compound, pigment content and antioxidant activity in different parts of Pouzolzia zeylanica plant",2019,10.22144/ctu.jen.2019.029,https://doi.org/10.22144/ctu.jen.2019.029
13-NS-DUONG QUOC CHANH TIN(85-93),DATA PROCESSING FOR GROUND PENETRATING RADAR USING THE CONTINUOUS WAVELET TRANSFORM,2016,10.22144/ctu.jen.2016.028,https://doi.org/10.22144/ctu.jen.2016.028
13-NS-LA PHAN PHUONG HA(81-87)029,The properties of ZnO nanorods modified by Au nanoparticles for galactose biosensor application,2018,10.22144/ctu.jen.2018.029,https://doi.org/10.22144/ctu.jen.2018.029
13-NS-LAM HOANG CHUONG(95-99)013,Law of large number for one dimensional Markov process,2019,10.22144/ctu.jen.2019.013,https://doi.org/10.22144/ctu.jen.2019.013
13-NS-TRAN VAN LY(90-99),STOCHASTIC MODELING FOR DAILY CLEARNESS INDEX SEQUENCE IN CAN THO CITY,2016,,
14-605-D-NGUYEN THUY AN(126-138)027,The effect of environmental accounting information disclosure on financial performance of Vietnamese listed industrial firms: The moderating role of Leverage and Big4,2023,10.22144/ctu.jen.2023.027,https://doi.org/10.22144/ctu.jen.2023.027
14-699-DAN LE QUOC(132-138)265,Outage probability of cognitive radio-NOMA assisted unmanned aerial vehicles network,2024,10.22144/ctujoisd.2024.265,https://doi.org/10.22144/ctujoisd.2024.265
14-705-NGUYEN DINH THONG(119-125)042,Analysis of printed document identification based on Deep Learning,2023,10.22144/ctujoisd.2023.042,https://doi.org/10.22144/ctujoisd.2023.042
14-844-HUYNH KY(139-151)299,The application of Gene Function Markers for identification of high quality of Vietnamese traditional rice varieties,2024,10.22144/ctujoisd.2024.299,https://doi.org/10.22144/ctujoisd.2024.299
14-923-Ma. Lorna Degamo Miro(140-149)314,K to 12 implementation in Siquijor: The senior high school students' lived experience,2024,10.22144/ctujoisd.2024.314,https://doi.org/10.22144/ctujoisd.2024.314
14-AE-TRAN THI THAM(114-121)014,EVALUATING THE IMPACT OF SUPPLY CHAIN CAPABILITIES ON THE BUSINESS SUCCESS: A CASE STUDY IN SMALL AND MEDIUM FOOD COMPANIES IN THE MEKONG DELTA,2017,10.22144/ctu.jen.2017.014,https://doi.org/10.22144/ctu.jen.2017.014
14-BE-NGUYEN TRI YEN CHI(100-104)49,SCREENING OF AROMATIC RICE LINES BY USING MOLECULAR MARKER AND SENSORY TEST,2016,10.22144/ctu.jen.2016.049,https://doi.org/10.22144/ctu.jen.2016.049
14-CE-TRINH CHI THAM(96-109),"LECTURERS' PERCEPTIONS ABOUT EMPLOYING CRITICAL THINKING IN EDUCATING GEOGRAPHY PEDAGOGY STUDENTS AT CAN THO UNIVERSITY, VIETNAM",2015,,
14-EN-PHAM THANH LUU(106-111)014,"Using benthic diatoms as bio-indicators of water quality of the Saigon River, Vietnam",2018,10.22144/ctu.jen.2018.014,https://doi.org/10.22144/ctu.jen.2018.014
14-FI-TRAN HOA LY(114-123)045,Antibiotic resistance and molecular characteristics of extended-spectrum betalactamase-producing Escherichia coli isolated from fish pond,2018,10.22144/ctu.jen.2018.045,https://doi.org/10.22144/ctu.jen.2018.045
14-FT-NGUYEN DUY TAN(102-110)033,"Optimization of carriers (maltodextrin, arabic gum) for spray-drying of Pouzolzia zeylanica extracts using response surface methodology",2017,10.22144/ctu.jen.2017.033,https://doi.org/10.22144/ctu.jen.2017.033
14-NS-LAM QUOC ANH(94-101),STABILITY AND WELL-POSEDNESS IN VECTOR LEXICOGRAPHIC EQUILIBRIUM PROBLEMS,2016,10.22144/ctu.jen.2016.029,https://doi.org/10.22144/ctu.jen.2016.029
14-NS-LE TRUONG GIANG(100-103)014,A weak law of large numbers and Poisson approximation problem for extension random sums of m-dependent random variables,2019,10.22144/ctu.jen.2019.014,https://doi.org/10.22144/ctu.jen.2019.014
14-NS-TRAN THANH MEN(106-110)030,A simple spectrophotometric method for quantifying total lipids in plants and animals,2019,10.22144/ctu.jen.2019.030,https://doi.org/10.22144/ctu.jen.2019.030
14-NS-TRAN VU PHUONG(88-90)030,Secondary metabolite produced from marine bacterium Streptomyces sp. strain ND7c,2018,10.22144/ctu.jen.2018.030,https://doi.org/10.22144/ctu.jen.2018.030
14-SE-VO THI THANH LOC(100-111),ASSESSMENT OF AGRI-PRODUCT VALUE CHAINS IN THE MEKONG DELTA: PROBLEMS AND SOLUTIONS,2016,,
15-620-D-EBUKA NWANKWO(139-147)028,Theoretical and experimental assessment of the effect of adhesive bond thickness on the flexural capacity of CFRP strengthened beams,2023,10.22144/ctu.jen.2023.028,https://doi.org/10.22144/ctu.jen.2023.028
15-710-HO DAC HUNG(126-133)043,A practical blockchain-based framework for anti-counterfeiting and traceability,2023,10.22144/ctujoisd.2023.043,https://doi.org/10.22144/ctujoisd.2023.043
15-753-PHAM NGOC NHU(139-149)273,Effects of Psidium guajava and Phyllanthus amarus extracts on digestive enzyme activity and growth of Pangasianodon hypophthalmus fingerlings under hightemperature stress,2024,10.22144/ctujoisd.2024.273,https://doi.org/10.22144/ctujoisd.2024.273
15-858-NGUYEN THI NGOC PHUONG(152-157)300,Developments and antioxidant evaluation of Sesbania sesban-leaf-extract loaded carboxymethyl cellulose hydrogel as a potential skin cosmetic,2024,10.22144/ctujoisd.2024.300,https://doi.org/10.22144/ctujoisd.2024.300
15-987-Henreyna Jane C. Redublado(150-162)315,Efficacy of Jigsaw learning in teaching volleyball skills to grade 12 students,2024,10.22144/ctujoisd.2024.315,https://doi.org/10.22144/ctujoisd.2024.315
15-BE-NGUYEN DUY TAN(122-131)015,"OPTIMIZATION OF POLYPHENOL, FLAVONOID AND TANNIN EXTRACTION CONDITIONS FROM Pouzolzia zeylanica L. BENN USING RESPONSE SURFACE METHODOLOGY",2017,10.22144/ctu.jen.2017.015,https://doi.org/10.22144/ctu.jen.2017.015
15-BE-TRAN MINH PHU(105-113)50,"EFFECT OF BETA-GLUCANS ON HEMATOLOGICAL, IMMUNOGLOBULINS AND STRESS PARAMETERS OF STRIPED CATFISH (Pangasianodon hypophthalmus) FINGERLING",2016,10.22144/ctu.jen.2016.050,https://doi.org/10.22144/ctu.jen.2016.050
15-DE-HUYNH TRUONG HUY(110-115),ESTIMATION OF FAMILY LABOR SUPPLY: EVIDENCE FROM THE MEKONG RIVER DELTA IN VIET NAM,2015,,
15-FT-NGUYEN MINH THUY(111-120)034,Characterization of lactic acid bacteria isolated from pickled vegetables as potential starters for yogurt preparation,2017,10.22144/ctu.jen.2017.034,https://doi.org/10.22144/ctu.jen.2017.034
15-FT-TONG THI ANH NGOC(124-130)046,Shelf-life evaluation of fresh catfish (Pangasianodon hypophthalmus) fillets at different storage temperatures,2018,10.22144/ctu.jen.2018.046,https://doi.org/10.22144/ctu.jen.2018.046
15-NS-NGUYEN VAN DAT(102-107),BIODIESEL PRODUCTION FROM SOME BIOMASS SOURCES AVAILABLE IN VIETNAM,2016,10.22144/ctu.jen.2016.030,https://doi.org/10.22144/ctu.jen.2016.030
15-NS-PHAN VAN LONG EM(112-121)015,A study of fixed points and Hopf bifurcation of Fitzhugh-Nagumo model,2018,10.22144/ctu.jen.2018.015,https://doi.org/10.22144/ctu.jen.2018.015
15-PS-NGUYEN KHANH LINH(104-111)015,An evaluation female human resource in public administration with study case in the Mekong Delta,2019,10.22144/ctu.jen.2019.015,https://doi.org/10.22144/ctu.jen.2019.015
15-SE-VUONG QUOC DUY(112-121),"DETERMINANTS OF ACCESS TO FORMAL CREDIT BY THE INDUSTRIAL AND CONSTRUCTIONAL SMALL AND MEDIUM ENTERPRISES IN CAN THO CITY, VIETNAM",2016,,
15-SH-NGUYEN THI MY HANH(91-97)031,The effect of task-based language teaching on EFL learners' writing performance at Tien Giang University,2018,10.22144/ctu.jen.2018.031,https://doi.org/10.22144/ctu.jen.2018.031
15-SH-TRINH CHI THAM(111-122)031,"Transformative learning in resilient VACB model adapting to climate change in Phong Dien district, Can Tho city",2019,10.22144/ctu.jen.2019.031,https://doi.org/10.22144/ctu.jen.2019.031
16-711-TRUONG MINH THAI(134-141)044,An environment monitoring system for a rice production model adaptive to climate change in the Mekong Delta of Viet Nam,2023,10.22144/ctujoisd.2023.044,https://doi.org/10.22144/ctujoisd.2023.044
16-814-CHARESS-GOLES(150-159)262,"Beyond the pandemic: The changing landscape of technology integration in higher education in Central Visayas, Philippines",2024,10.22144/ctujoisd.2024.262,https://doi.org/10.22144/ctujoisd.2024.262
16-BE-NGUYEN MINH THUY(132-140)016,"THE KINETICS STUDY ON 5-FORMYLTETRAHYDROFOLIC ACID DEGRADATION AND 5,10-METHENYLTETRAHYDROFOLIC ACID FORMATION DURING THERMAL AND COMBINED HIGH PRESSURE THERMAL TREATMENTS",2017,10.22144/ctu.jen.2017.016,https://doi.org/10.22144/ctu.jen.2017.016
16-CE-AU XUAN SAM(114-127)51,CULTURAL APPROACH: A POTENTIAL PEDAGOGY FOR PROMOTING LEARNERS' INSIGHTS INTO CULTURAL ASPECTS IN LITERARY WORKS,2016,10.22144/ctu.jen.2016.051,https://doi.org/10.22144/ctu.jen.2016.051
16-ED-NGUYEN THI HONG NAM(116-124),AN INVESTIGATION INTO THE LEVELS OF FEEDBACK AND REFLECTION DURING PRE-SERVICE TEACHERS' MICRO-TEACHING PRACTICES,2015,,
16-FT-NGUYEN THI THU THUY(121-126)035,Improving of bread quality from frozen dough using ascorbic acid and α-amylase,2017,10.22144/ctu.jen.2017.035,https://doi.org/10.22144/ctu.jen.2017.035
16-LA-NGUYEN THI BAO ANH(131-137)047,The reality of violation of patients' rights under the law on examination and treatment in some provinces of Mekong Delta,2018,10.22144/ctu.jen.2018.047,https://doi.org/10.22144/ctu.jen.2018.047
16-NS-PHAM VU NHAT(108-115),A QUANTUM CHEMICAL STUDY OF INTERACTIONS BETWEEN AU3 -ANION AND AMINO ACIDS,2016,10.22144/ctu.jen.2016.031,https://doi.org/10.22144/ctu.jen.2016.031
16-SH-NGUYEN HUU LOI(112-116)016,"Barriers to women' s participation in the Sustainable Rice Platform training course in Ke Sach district, Soc Trang province",2019,10.22144/ctu.jen.2019.016,https://doi.org/10.22144/ctu.jen.2019.016
16-SH-PHUONG HOANG YEN(122-130)016,English lecturers' perceptions and practices of research engagement: The case of Can Tho University,2018,10.22144/ctu.jen.2018.016,https://doi.org/10.22144/ctu.jen.2018.016
17-716-NGUYEN PHUOC THANH(142-152)045,Exploring MediaPipe optimization strategies for real-time sign language recognition,2023,10.22144/ctujoisd.2023.045,https://doi.org/10.22144/ctujoisd.2023.045
17-BE-TRAN THI XUAN MAI(141-149)017,DEVELOPMENT OF AN EFFICIENT in vitro PLANT REGENERATION PROTOCOL FOR INDICA RICE VARIETIES (Oryza sativa L.) IN THE MEKONG DELTA OF VIETNAM,2017,10.22144/ctu.jen.2017.017,https://doi.org/10.22144/ctu.jen.2017.017
17-CE-LE THI PHUONG LINH(128-139)52,"EVALUATING PUBLIC BUS TRANSPORTATION SERVICES IN HO CHI MINH CITY, VIETNAM",2016,10.22144/ctu.jen.2016.052,https://doi.org/10.22144/ctu.jen.2016.052
17-FT-PHAN THI THANH QUE(127-139)036,Effect of controlled atmosphere and storage temperature on the weight loss and cap colour of fresh mushrooms (Agaricus bisporus),2017,10.22144/ctu.jen.2017.036,https://doi.org/10.22144/ctu.jen.2017.036
17-NS-BUI THI BUU HUE(138-142)048,Synthesis and cytotoxicity evaluation of naphthalenecarboxamide derivatives,2018,10.22144/ctu.jen.2018.048,https://doi.org/10.22144/ctu.jen.2018.048
17-NS-TON NU LIEN HUONG(116-119),"TWO NEW ALKALOIDS AND A CARBOHYDRATE COMPOUND FROM THE SPECIES Hydrocotyle bonariensis COMM. EX LAM., FAMILY APIACEAE",2016,10.22144/ctu.jen.2016.032,https://doi.org/10.22144/ctu.jen.2016.032
18-BE-TRAN VAN DUNG(150-157)018,EFFECT OF CROP ROTATION ON THE DIVERSITY OF THE BACTERIAL COMMUNITY COLONIZING RICE STRAW RESIDUES IN PADDY RICE CULTURED SOIL IN THE MEKONG DELTA OF VIETNAM,2017,10.22144/ctu.jen.2017.018,https://doi.org/10.22144/ctu.jen.2017.018
18-CE-NGUYEN MINH QUANG(140-148)53,SOUTHEAST ASIAN STUDIES AS A FIELD OF STUDY: A LOOK FROM IDEAS BEHIND THE SOCIOLOGY OF KNOWLEDGE AND INTER-DISCIPLINARY DEBATES,2016,10.22144/ctu.jen.2016.053,https://doi.org/10.22144/ctu.jen.2016.053
18-NS-CA NGUYEN ANH KHOA(140-147)037,Molecular dynamics simulation of rutile -anatase heterojunction,2017,10.22144/ctu.jen.2017.037,https://doi.org/10.22144/ctu.jen.2017.037
18-NS-DANG MINH TAN(143-148)049,Glass formation and thermodynamics of 3D simple system,2018,10.22144/ctu.jen.2018.049,https://doi.org/10.22144/ctu.jen.2018.049
18-SE-HUYNH QUANG TIN(120-125),IMPACTS OF COMMUNITY-BASED SEED PRODUCTION AND SUPPLY TOWARDS SUSTAINABLE AGRICULTURAL PRODUCTION IN AN GIANG PROVINCE,2016,10.22144/ctu.jen.2016.033,https://doi.org/10.22144/ctu.jen.2016.033
19-BE-TRUONG THANH TRUNG(158-165)019,"EFFECT OF DIFFERENT PROTEIN SOURCES IN THE DIETS ON FEED INTAKE, NUTRIENT DIGESTIBILITY, GROWTH AND CARCASS VALUE OF CALIFORNIAN RABBITS (Oryctolagus cuniculus) IN THE MEKONG DELTA OF VIETNAM",2017,10.22144/ctu.jen.2017.019,https://doi.org/10.22144/ctu.jen.2017.019
19-NS-LE TRUONG GIANG(149-153)050,New bounds on poisson approximation for random sums of independent negativebinomial randomvariables,2018,10.22144/ctu.jen.2018.050,https://doi.org/10.22144/ctu.jen.2018.050
19-NS-TON NU LIEN HUONG(148-152)038,Chemical examination on the ethyl acetate extract of the bark of Oroxylum indicum (L.) Vent,2017,10.22144/ctu.jen.2017.038,https://doi.org/10.22144/ctu.jen.2017.038
19-SH-NGUYEN MINH QUANG(126-132),PROFESSIONAL VOLUNTEERING-BASED TOURISM AND ITS ROLE IN NARROWING THE INTRA-STATE DEVELOPMENT GAP IN ASEAN COUNTRIES: AN EMPIRICAL STUDY IN CAMBODIA,2016,10.22144/ctu.jen.2016.034,https://doi.org/10.22144/ctu.jen.2016.034
20-NS-NGUYEN VAN MEN(154-159)051,Plasmon excitation in MLG-GaAs heterostructure -Analytical expressions in longwavelength limit,2018,10.22144/ctu.jen.2018.051,https://doi.org/10.22144/ctu.jen.2018.051
20-SE-HO THI NGOC DIEP(153-162)039,Determinants of income diversification and its effects on rural household income in Vietnam,2017,10.22144/ctu.jen.2017.039,https://doi.org/10.22144/ctu.jen.2017.039
20-SH-NGUYEN THI HUYNH PHUONG(133-142),OC EO CULTURE: A CASE STUDY OF OC EO ARTIFACTS IN SOUTHERN VIETNAM,2016,10.22144/ctu.jen.2016.035,https://doi.org/10.22144/ctu.jen.2016.035
201-Nguyen Thanh Hai(18-28),MODIFIED CONTROLS FOR DOUBLY FED INDUCTION GENERATOR UNDER UNBALANCED VOLTAGE FOR TORQUE STABILITY CONTROLLER,2016,,
204-Nguyen Chi Thuan(29-35),A REVISIT ON DISSIPATION AND ITS RELATION TO IRREVERSIBLE PROCESSES,2016,,
205-Nguyen Huu Hieu(36-45),FABRICATION AND CHARACTERIZATION OF GRAPHENE/GRAPHENE OXIDE BASED POLY (VINYL ALCOHOL) NANOCOMPOSITE MEMBRANES FOR PERVAPORATION DEHYDRATION OF ETHANOL,2016,,
206-Nguyen Minh Phu(46-51),PREDICTION IN OFF-DESIGN OPERATION FOR THE HELICAL HEAT RECOVERY EXCHANGER,2016,,
208-Hoang Thi Thu Binh(52-56),SELECTIVE ADSORPTION OF H2S IN BIOGAS USING ZEOLITE PREPARED BY MICROWAVE-ASSISTED METHOD,2016,,
209-NTTKhanh(57-63),MICROALGAL CULTURE WITH DIGESTATE FROM METHANE FERMENTATION -LIGHT ENVIRONMENT IN THE CULTURE SOLUTION WITH DIFFERENT DIGESTATE CONCENTRATIONS AND MICROALGAL CELL DENSITIES,2016,,
21-NS-PHAM VU NHAT(160-167)052,A DFT study of copper(II) binding to glycyl-L-histidyl-L-Lysine tripeptide,2018,10.22144/ctu.jen.2018.052,https://doi.org/10.22144/ctu.jen.2018.052
21-SE-THAI THANH PHONG(163-171)040,Trends and determinants of compulsory land recovery on households' income in industrialized and urbanized areas: A case study of My Phuoc town -Ben Cat district -Binh Duong province,2017,10.22144/ctu.jen.2017.040,https://doi.org/10.22144/ctu.jen.2017.040
210-F.E.Soetaredjo(64-69),CONVERSION OF WATER HYACINTH Eichhornia crassipes INTO BIOFUEL INTERMEDIATE: COMBINATION SUBCRITICAL WATER AND ZEOLITE BASED CATALYST PROCESSES,2016,,
301-Le Anh Tuan(70-79),"AN OVERVIEW OF THE RENEWABLE ENERGY POTENTIALS IN THE MEKONG RIVER DELTA, VIETNAM",2016,,
302-Hong Tin(80-91),BIODIESEL PRODUCTION AND USE FOR AGRICULTURAL PRODUCTION IN THE MEKONG DELTA: CURRENT STATUS AND POTENTIAL,2016,,
303-NGUYEN VO CHAU NGAN(92-105),VIETNAM'S RENEWABLE ENERGY -AN OVERVIEW OF CURRENT STATUS AND LEGAL NORMATIVE DOCUMENTS,2016,,
304-Le Anh Tuan 1(106-112),PILOT APPLICATION ON SOLAR ENERGY COMBINED ELECTRICITY GRID TO A RURAL WATER SUPPLY STATION IN CAN THO CITY,2016,,
342-FI-NGUYEN THI NGOC TRAN(1-7)036,Reproductive Biology of Moonlight Gourami (Trichopodus microlepis) in U Minh Thuong and U Minh Ha National Parks,2022,10.22144/ctu.jen.2022.036,https://doi.org/10.22144/ctu.jen.2022.036
425-EN-LE VAN TIEN(8-16)037,Application of socio-hydrological approach to study water-related hazards in Can Tho City,2022,10.22144/ctu.jen.2022.037,https://doi.org/10.22144/ctu.jen.2022.037
432-FI-UONG THUY YEN(17-24)038,Genetic Diversity of Two Successive Generations of Selection in Bighead Catfish (Clarias macrocephalus) Populations,2022,10.22144/ctu.jen.2022.038,https://doi.org/10.22144/ctu.jen.2022.038
440-NS-NGUYEN DUY KHANH(25-31)039,Structural and electronic properties of hydrogen -functionalized armchair germanene nanoribbons: A first-principles study,2022,10.22144/ctu.jen.2022.039,https://doi.org/10.22144/ctu.jen.2022.039
448-ED-TRAN THI KHANH LAM(32-39)040,Common mistakes in pronouncing English consonant clusters: A case study of Vietnamese learners,2022,10.22144/ctu.jen.2022.040,https://doi.org/10.22144/ctu.jen.2022.040
452-AG-HUYNH KY(40-44)041,Genetic variation of Nang Thom Cho Dao rice variety based on whole genome sequencing,2022,10.22144/ctu.jen.2022.041,https://doi.org/10.22144/ctu.jen.2022.041
461-IT-TRUC TRINH(45-52)042,A Vietnamese benchmark for vehicle detection and real-time empirical evaluation,2022,10.22144/ctu.jen.2022.042,https://doi.org/10.22144/ctu.jen.2022.042
468-AV-NGUYEN VU QUANG(53-64)047,Nutritional value and factors affecting milk production and milk composition from dairy sheep: A review,2022,10.22144/ctu.jen.2022.047,https://doi.org/10.22144/ctu.jen.2022.047
472-NS-NGUYEN VAN NGOC(65-71)043,"Effect of enzyme-assisted extraction on yield, composition, and antimicrobial activity of essential oils from Rosmarinus officinalis L. grown in Lam Dong Province, Viet Nam",2022,10.22144/ctu.jen.2022.043,https://doi.org/10.22144/ctu.jen.2022.043
490-NS-NGUYEN VAN NGOC(72-77)044,"The antimicrobial activity and chemical composition of Elsholtzia blanda (Benth.) Benth. essential oils in Lam Dong Province, Viet Nam",2022,10.22144/ctu.jen.2022.044,https://doi.org/10.22144/ctu.jen.2022.044
512-FI-PHAM NGOC NHU(78-91)045,Effects of guava (Psidium guajava L.) and bhumi amla (Phyllanthus amarus Chum et Thonn) extracts on haematological parameters and oxidative stress of striped catfish (Pangasianodon hypophthalmus) fingerlings exposed to high-temperature stress,2022,10.22144/ctu.jen.2022.045,https://doi.org/10.22144/ctu.jen.2022.045
517-DANG MINH QUAN(1-6)022,Bulbophyllum tseanum (Orchidaceae) a new record for the flora of Viet Nam,2022,10.22144/ctu.jen.2022.022,https://doi.org/10.22144/ctu.jen.2022.022
519-LUU TANG PHUC KHANG(7-16)023,Histopathological characteristics of striped catfish (Pangasianodon hypophthalmus) challenged with Edwardsiella ictaluri,2022,10.22144/ctu.jen.2022.023,https://doi.org/10.22144/ctu.jen.2022.023
520-NGUYEN VAN NGOC(17-24)024,Lithocarpus encleisocarpus (Korth.) A. Camus a newly recorded species for Viet Nam and its phylogenetic relationship based on genome-wide SNPs,2022,10.22144/ctu.jen.2022.024,https://doi.org/10.22144/ctu.jen.2022.024
522-DENSON M LIDAY(25-33)025,Quality profile and suitability of Quirino State University -farm pond irrigation system,2022,10.22144/ctu.jen.2022.025,https://doi.org/10.22144/ctu.jen.2022.025
523-LE NGUYEN LAN THANH(34-39)026,Creation of Variation through In-vitro Mutagenesis using Gamma radiation in Rose (Rosa hybrida L.) Variety 'Lửa',2022,10.22144/ctu.jen.2022.026,https://doi.org/10.22144/ctu.jen.2022.026
524-LE UYEN THANH(40-50)027,Effect of heavy metals on duckweed growth,2022,10.22144/ctu.jen.2022.027,https://doi.org/10.22144/ctu.jen.2022.027
525-DANG MINH QUAN(51-60)028,"Diversity of medicinal plant resources on Lai Son Island, Kien Giang province",2022,10.22144/ctu.jen.2022.028,https://doi.org/10.22144/ctu.jen.2022.028
526-TRAN NGOC BAO TRAM(61-67)029,"Morphological variation, chromosome number, and DNA barcoding of Giant Duckweed (Spirodela polyrhiza) in Viet Nam",2022,10.22144/ctu.jen.2022.029,https://doi.org/10.22144/ctu.jen.2022.029
527-LE UYEN THANH(68-73)030,Isolation and identification of the antagonistic bacteria against Xanthomonas spp. causing the leaf spot from Rosa spp,2022,10.22144/ctu.jen.2022.030,https://doi.org/10.22144/ctu.jen.2022.030
528-LE UYEN THANH(74-80)031,Controlling efficiency of the potential rhizosphere bacterial antagonists against leaf spot disease from Rosa spp. caused by Xanthomonas spp. in vitro and under nethouse conditions,2022,10.22144/ctu.jen.2022.031,https://doi.org/10.22144/ctu.jen.2022.031
529-DOAN THI KIEU TIEN(81-85)032,Efficacy of bacteriophages in controlling bacterial vascular wilt caused by Ralstonia solanacearum Smith on eggplants,2022,10.22144/ctu.jen.2022.032,https://doi.org/10.22144/ctu.jen.2022.032
530-DINH XUAN TU(86-90)033,The chromosome numbers of Panax vietnamensis Ha et Grushv,2022,10.22144/ctu.jen.2022.033,https://doi.org/10.22144/ctu.jen.2022.033
531-NGUYEN MINH LY(91-98)034,Selection and characterization of a yeast strain for the suppression of brown spot on Tru Long pummelo (Citrus maxima),2022,10.22144/ctu.jen.2022.034,https://doi.org/10.22144/ctu.jen.2022.034
545-NGUYEN HONG XUAN(99-106)035,Semi-chronic toxicity study of the extracts from different parts of burmese-grape Baccaurea ramiflora fruits of Ha Chau variety using mouse model,2022,10.22144/ctu.jen.2022.035,https://doi.org/10.22144/ctu.jen.2022.035
AE-CAO NGOC DAN THANH(1-5)041,Improvement of tap water quality for domestic use by membrane process,2017,10.22144/ctu.jen.2017.041,https://doi.org/10.22144/ctu.jen.2017.041
AE-DO THI XUAN(6-12)042,"Soil diazotrophic community structure altered in rice crop rotated with mungbean or maize in Cai Lay district, Tien Giang province",2017,10.22144/ctu.jen.2017.042,https://doi.org/10.22144/ctu.jen.2017.042
AE-NGUYEN DIEN TRUNG(13-18)043,Determination of coke on promoted zirconium oxide catalysts in the isomerization reaction of pentane and hexane mixture at high pressure,2017,10.22144/ctu.jen.2017.043,https://doi.org/10.22144/ctu.jen.2017.043
AE-NGUYEN HUYNH ANH DUY(19-26)044,Design a model of glass cleaning device,2017,10.22144/ctu.jen.2017.044,https://doi.org/10.22144/ctu.jen.2017.044
AE-NGUYEN NGOC TAN(27-32)045,"Isolation and identification of lipid-degrading yeast from wastewater of canteens and restaurants in Ninh Kieu district, Can Tho city",2017,10.22144/ctu.jen.2017.045,https://doi.org/10.22144/ctu.jen.2017.045
AE-NGUYEN THI THU TRAM(33-36)046,One unusual sterol from Polyscias fruticosa (L.) Harms (Araliaceae),2017,10.22144/ctu.jen.2017.046,https://doi.org/10.22144/ctu.jen.2017.046
AE-VO VAN TAI(37-44)047,Fuzzy cluster analysis for probability density functions based on width criterion,2017,10.22144/ctu.jen.2017.047,https://doi.org/10.22144/ctu.jen.2017.047
BE-HUYNH KIM DIEU(45-50)048,The genetic diversity and the antibacterial activity of Ageratum conyzoides Linn,2017,10.22144/ctu.jen.2017.048,https://doi.org/10.22144/ctu.jen.2017.048
BE-HUYNH NGUYEN NHU THU(51-57)049,Selection of thermotolerant lactic acid bacteria producing high antibacterial activity and production of biomass from tofu sour liquid,2017,10.22144/ctu.jen.2017.049,https://doi.org/10.22144/ctu.jen.2017.049
BE-HUYNH THANH TOI(58-64)050,Effect of associated bacteria on gnotobiotic Artemia performance,2017,10.22144/ctu.jen.2017.050,https://doi.org/10.22144/ctu.jen.2017.050
BE-NGO THI THU THAO(65-73)051,Flocculation efficiency and quality of flocculated algae with chitosan at different pH values,2017,10.22144/ctu.jen.2017.051,https://doi.org/10.22144/ctu.jen.2017.051
BE-NGUYEN THI TRUC LINH(74-81)052,Isolation and selection of lactic acid bacteria that can antagonize Vibrio parahaemolyticus causing acute hepatopancreatic necrosis disease in whiteleg shrimp (Penaeus vannamei),2017,10.22144/ctu.jen.2017.052,https://doi.org/10.22144/ctu.jen.2017.052
BE-TRAN NGOC HAI(82-90)053,"Giant freshwater prawn farming in brackish water areas of the Mekong Delta, Vietnam",2017,10.22144/ctu.jen.2017.053,https://doi.org/10.22144/ctu.jen.2017.053
CE-DO THI NGOC NHI(91-99)054,Drama-based role play activities to impact on students' speaking performance,2017,10.22144/ctu.jen.2017.054,https://doi.org/10.22144/ctu.jen.2017.054
CE-LE THI DIEU HA(100-108)055,An investigation into the tale values on the legends of Nguyen Anh (king Gia Long) in the southern region of Vietnam,2017,10.22144/ctu.jen.2017.055,https://doi.org/10.22144/ctu.jen.2017.055
CE-NGAN COLLINS(109-117)056,Environmental and human resource development issues in Vietnam: The case study of the Mekong Delta,2017,10.22144/ctu.jen.2017.056,https://doi.org/10.22144/ctu.jen.2017.056
CE-NGUYEN VAN LOI(118-125)057,Promoting learner autonomy: Lesson from using project work as a supplement in English skills courses,2017,10.22144/ctu.jen.2017.057,https://doi.org/10.22144/ctu.jen.2017.057
CE-PHAM DINH XUAN THU(126-137)058,"Leadership styles of Vietnamese higher education leaders: Transformational, transactional, or laissez-faire",2017,10.22144/ctu.jen.2017.058,https://doi.org/10.22144/ctu.jen.2017.058
CE-TRAN THI BE BA(138-147)059,Reading strategy instruction to Vietnamese young language learners: Teachers' practices and perceptions,2017,10.22144/ctu.jen.2017.059,https://doi.org/10.22144/ctu.jen.2017.059
CTU-BE-LE HUNG CUONG(92-99)046,"Identification of rose black spot pathogen in Sa Đéc city, Đồng Tháp province of Vietnam",2022,10.22144/ctu.jen.2022.046,https://doi.org/10.22144/ctu.jen.2022.046
DE-HUYNH NHUT PHUONG(148-159)060,Exploring drivers influencing consumers' attitude towards mobile marketing,2017,10.22144/ctu.jen.2017.060,https://doi.org/10.22144/ctu.jen.2017.060
DE-NGUYEN PHAM THANH NAM(160-169)061,"Managerial human resource quality of firms in the Mekong Delta, Vietnam",2017,10.22144/ctu.jen.2017.061,https://doi.org/10.22144/ctu.jen.2017.061
