paper_id,source_url,doi
01-1108-NGO DUC LUU(1-7)316,https://doi.org/10.22144/ctujoisd.2024.316,10.22144/ctujoisd.2024.316
01-494-NGUYEN THI HOA CUC(1-6)258,https://doi.org/10.22144/ctujoisd.2024.258,10.22144/ctujoisd.2024.258
01-497-A-LUONG HUYNH VU THANH(1-10)014,https://doi.org/10.22144/ctu.jen.2023.014,10.22144/ctu.jen.2023.014
01-580-AG-NGUYEN MINH LY(1-7)001,https://doi.org/10.22144/ctu.jen.2023.001,10.22144/ctu.jen.2023.001
01-590-Shola H. Awojide(1-11)046,https://doi.org/10.22144/ctujoisd.2023.046,10.22144/ctujoisd.2023.046
01-671-BUI CONG GIAO(1-11)029,https://doi.org/10.22144/ctujoisd.2023.029,10.22144/ctujoisd.2023.029
01-704-LE THI TU ANH(1-9)286,https://doi.org/10.22144/ctujoisd.2024.286,10.22144/ctujoisd.2024.286
01-764-TRONG PHUOC HUYNH(1-7)274,https://doi.org/10.22144/ctujoisd.2024.274,10.22144/ctujoisd.2024.274
01-881-LE THI ANH THU(1-8)301,https://doi.org/10.22144/ctujoisd.2024.301,10.22144/ctujoisd.2024.301
01-AE-HO QUOC PHONG(1-5)36,https://doi.org/10.22144/ctu.jen.2016.036,10.22144/ctu.jen.2016.036
01-AE-NGUYEN HOANG DUNG(1-11)001,https://doi.org/10.22144/ctu.jen.2021.001,10.22144/ctu.jen.2021.001
01-AF-DEDAN KARANJA NJIHIA(1-8)034,https://doi.org/10.22144/ctu.jen.2021.034,10.22144/ctu.jen.2021.034
01-AG-DANG THI HOANG OANH(1-7)018,https://doi.org/10.22144/ctu.jen.2022.018,10.22144/ctu.jen.2022.018
01-AG-DINH THI CHI(1-6)017,https://doi.org/10.22144/ctu.jen.2018.017,10.22144/ctu.jen.2018.017
01-AG-NGUYEN HONG UNG(1-7)032,https://doi.org/10.22144/ctu.jen.2018.032,10.22144/ctu.jen.2018.032
01-AG-NGUYEN HUU HAO(1-10)032,https://doi.org/10.22144/ctu.jen.2019.032,10.22144/ctu.jen.2019.032
01-AG-NGUYEN NGOC BAO CHAU(1-6)001,https://doi.org/10.22144/ctu.jen.2019.001,10.22144/ctu.jen.2019.001
01-AG-PHAN NGOC NHI(1-7),,
01-AG-VO QUANG MINH(1-6),https://doi.org/10.22144/ctu.jen.2016.016,10.22144/ctu.jen.2016.016
01-AG-VU VAN LONG(1-10)001,https://doi.org/10.22144/ctu.jen.2022.001,10.22144/ctu.jen.2022.001
01-AV-LE TRINH CAM LAI(1-8)017,https://doi.org/10.22144/ctu.jen.2019.017,10.22144/ctu.jen.2019.017
01-AV-NGUYEN THANH HAI(1-7)001,https://doi.org/10.22144/ctu.jen.2020.001,10.22144/ctu.jen.2020.001
01-AV-PHAN VU HAI(1-6)018,https://doi.org/10.22144/ctu.jen.2020.018,10.22144/ctu.jen.2020.018
01-BUI LE DIEM TRANG(1-11)024,https://doi.org/10.22144/ctu.jen.2021.024,10.22144/ctu.jen.2021.024
01-CE-DO XUAN HAI(1-9)001,https://doi.org/10.22144/ctu.jen.2017.001,10.22144/ctu.jen.2017.001
01-E1-DANG MINH HIEN(1-7)088,https://doi.org/10.22144/ctu.jsi.2018.088,10.22144/ctu.jsi.2018.088
01-ED-LE THI HONG CAM(1-8)020,https://doi.org/10.22144/ctu.jen.2017.020,10.22144/ctu.jen.2017.020
01-FI-LE THI HONG GAM(1-8)001,https://doi.org/10.22144/ctu.jen.2018.001,10.22144/ctu.jen.2018.001
01-FI-NGUYEN THI NGOC ANH(1-9),,
01-NS-HUYNH NHU THAO(1-8)009,https://doi.org/10.22144/ctu.jen.2020.009,10.22144/ctu.jen.2020.009
02-1131-VU MINH THANG(8-16)317,https://doi.org/10.22144/ctujoisd.2024.317,10.22144/ctujoisd.2024.317
02-547-ED-PHUONG HOANG YEN(8-21)002,https://doi.org/10.22144/ctu.jen.2023.002,10.22144/ctu.jen.2023.002
02-553-A-JAKE GRACES(11-19)015,https://doi.org/10.22144/ctu.jen.2023.015,10.22144/ctu.jen.2023.015
02-604-TRUONG VAN XA(12-22)047,https://doi.org/10.22144/ctujoisd.2023.047,10.22144/ctujoisd.2023.047
02-612-PHAM KHANH HUYEN(7-15)267,https://doi.org/10.22144/ctujoisd.2024.267,10.22144/ctujoisd.2024.267
02-676-NGUYEN NGOC TA(12-19)030,https://doi.org/10.22144/ctujoisd.2023.030,10.22144/ctujoisd.2023.030
02-717-NGO MY TRAN(10-24)287,https://doi.org/10.22144/ctujoisd.2024.287,10.22144/ctujoisd.2024.287
02-824-DINH VAN DUY(8-13)275,https://doi.org/10.22144/ctujoisd.2024.275,10.22144/ctujoisd.2024.275
02-895-NGUYEN HOANG DUNG(9-20)302,https://doi.org/10.22144/ctujoisd.2024.302,10.22144/ctujoisd.2024.302
02-AE-HO VAN THANG(6-12)37,https://doi.org/10.22144/ctu.jen.2016.037,10.22144/ctu.jen.2016.037
02-AE-NGO QUOC LUAN(10-13),,
02-AF-NGUYEN THANH PHUONG(9-16)035,https://doi.org/10.22144/ctu.jen.2021.035,10.22144/ctu.jen.2021.035
02-AG-TRAN VAN HAU(7-15)018,https://doi.org/10.22144/ctu.jen.2018.018,10.22144/ctu.jen.2018.018
02-AG-TRAN VAN HAU(7-23)002,https://doi.org/10.22144/ctu.jen.2019.002,10.22144/ctu.jen.2019.002
02-AG-TRAN VAN HAU(8-16)033,https://doi.org/10.22144/ctu.jen.2018.033,10.22144/ctu.jen.2018.033
02-AG-VO THI BICH THUY(7-13),https://doi.org/10.22144/ctu.jen.2016.017,10.22144/ctu.jen.2016.017
02-AV-LY THI LIEN KHAI(9-15)018,https://doi.org/10.22144/ctu.jen.2019.018,10.22144/ctu.jen.2019.018
02-AV-NGUYEN VAN THU(8-12),,
02-BE-LE VU LAN PHUONG(12-16)002,https://doi.org/10.22144/ctu.jen.2021.002,10.22144/ctu.jen.2021.002
02-BT-BUI THANH THU(11-18)033,https://doi.org/10.22144/ctu.jen.2019.033,10.22144/ctu.jen.2019.033
02-BT-HUYNH THANH DUY(8-15)002,https://doi.org/10.22144/ctu.jen.2020.002,10.22144/ctu.jen.2020.002
02-BT-NGUYEN TRONG HONG PHUC(9-14)010,https://doi.org/10.22144/ctu.jen.2020.010,10.22144/ctu.jen.2020.010
02-CE-LE THI TO QUYEN(10-17)002,https://doi.org/10.22144/ctu.jen.2017.002,10.22144/ctu.jen.2017.002
02-CHAU THI LE DUYEN(12-19)025,https://doi.org/10.22144/ctu.jen.2021.025,10.22144/ctu.jen.2021.025
02-E2-DUONG THI PHUONG LIEN(8-15)089,https://doi.org/10.22144/ctu.jsi.2018.089,10.22144/ctu.jsi.2018.089
02-ED-LE THI NHAN DUYEN(9-16)021,https://doi.org/10.22144/ctu.jen.2017.021,10.22144/ctu.jen.2017.021
02-ED-LE XUAN MAI(7-16)019,https://doi.org/10.22144/ctu.jen.2020.019,10.22144/ctu.jen.2020.019
02-ED-NGUYEN DINH THANH(11-22)002,https://doi.org/10.22144/ctu.jen.2022.002,10.22144/ctu.jen.2022.002
02-ED-NGUYEN THI THANH HA(8-17)012,https://doi.org/10.22144/ctu.jen.2022.012,10.22144/ctu.jen.2022.012
02-FI-DANG XUAN CUONG(9-17)002,https://doi.org/10.22144/ctu.jen.2018.002,10.22144/ctu.jen.2018.002
03-1133-MAI LE BICH TUYEN(17-24)318,https://doi.org/10.22144/ctujoisd.2024.318,10.22144/ctujoisd.2024.318
03-495-EN-TRAN THI THANH NGOC(22-28)003,https://doi.org/10.22144/ctu.jen.2023.003,10.22144/ctu.jen.2023.003
03-557-A-THAI LE TRUONG GIANG(20-27)016,https://doi.org/10.22144/ctu.jen.2023.016,10.22144/ctu.jen.2023.016
03-606-HUYNH TRUONG SANG(23-33)048,https://doi.org/10.22144/ctujoisd.2023.048,10.22144/ctujoisd.2023.048
03-619-LE TRAN THANH LIEM(21-32)303,https://doi.org/10.22144/ctujoisd.2024.303,10.22144/ctujoisd.2024.303
03-622-TO VU THIEN TAM(16-27)264,https://doi.org/10.22144/ctujoisd.2024.264,10.22144/ctujoisd.2024.264
03-677-NGO HO ANH KHOI(20-29)031,https://doi.org/10.22144/ctujoisd.2023.031,10.22144/ctujoisd.2023.031
03-720-TONG THI ANH NGOC(25-31)288,https://doi.org/10.22144/ctujoisd.2024.288,10.22144/ctujoisd.2024.288
03-843-PHAM PHI PHUONG(14-19)276,https://doi.org/10.22144/ctujoisd.2024.276,10.22144/ctujoisd.2024.276
03-AE-LE HOANG NGOAN(13-19)38,https://doi.org/10.22144/ctu.jen.2016.038,10.22144/ctu.jen.2016.038
03-AE-TRAN TRANG NHAT(14-18),,
03-AG-DOAN THI KIEU TIEN(17-22)036,https://doi.org/10.22144/ctu.jen.2021.036,10.22144/ctu.jen.2021.036
03-AV-HO THI VIET THU(24-29)003,https://doi.org/10.22144/ctu.jen.2019.003,10.22144/ctu.jen.2019.003
03-AV-NGUYEN NHAT XUAN DUNG(14-18),https://doi.org/10.22144/ctu.jen.2016.018,10.22144/ctu.jen.2016.018
03-AV-NGUYEN THI THUY(17-23)034,https://doi.org/10.22144/ctu.jen.2018.034,10.22144/ctu.jen.2018.034
03-AV-TRAN NGOC BICH(16-21)019,https://doi.org/10.22144/ctu.jen.2019.019,10.22144/ctu.jen.2019.019
03-AV-TRUONG THANH TRUNG(13-19),,
03-BE-VO DINH LE TAM(17-23)003,https://doi.org/10.22144/ctu.jen.2021.003,10.22144/ctu.jen.2021.003
03-BT-DANG HOAI AN(19-27)034,https://doi.org/10.22144/ctu.jen.2019.034,10.22144/ctu.jen.2019.034
03-CE-NGUYEN HONG TIN(18-29)003,https://doi.org/10.22144/ctu.jen.2017.003,10.22144/ctu.jen.2017.003
03-DANG THI HOANG OANH(20-25)026,https://doi.org/10.22144/ctu.jen.2021.026,10.22144/ctu.jen.2021.026
03-E3-HA THI THUY VY(16-25)090,https://doi.org/10.22144/ctu.jsi.2018.090,10.22144/ctu.jsi.2018.090
03-EC-LE MINH SON(16-29)003,https://doi.org/10.22144/ctu.jen.2020.003,10.22144/ctu.jen.2020.003
03-EC-PHAM CHI HIEU(16-22)019,https://doi.org/10.22144/ctu.jen.2018.019,10.22144/ctu.jen.2018.019
03-ED-DINH THANH HUNG(15-24)011,https://doi.org/10.22144/ctu.jen.2020.011,10.22144/ctu.jen.2020.011
03-ED-LUU NGUYEN QUOC HUNG(17-26)020,https://doi.org/10.22144/ctu.jen.2020.020,10.22144/ctu.jen.2020.020
03-ED-PHUONG HOANG YEN(17-22)022,https://doi.org/10.22144/ctu.jen.2017.022,10.22144/ctu.jen.2017.022
03-EN-VO THI HONG NHUNG(23-34)003,https://doi.org/10.22144/ctu.jen.2022.003,10.22144/ctu.jen.2022.003
03-ET-LUONG HUYNH VU THANH(18-27)015,https://doi.org/10.22144/ctu.jen.2022.015,10.22144/ctu.jen.2022.015
03-FI-NGUYEN THI KIM HA(18-26)003,https://doi.org/10.22144/ctu.jen.2018.003,10.22144/ctu.jen.2018.003
04-1134-TIN TRUNG CHAU(25-34)319,https://doi.org/10.22144/ctujoisd.2024.319,10.22144/ctujoisd.2024.319
04-501-ET-HO PHAM THANH TAM(29-40)004,https://doi.org/10.22144/ctu.jen.2023.004,10.22144/ctu.jen.2023.004
04-584-A-NGUYEN CHANH NGHIEM(28-34)017,https://doi.org/10.22144/ctu.jen.2023.017,10.22144/ctu.jen.2023.017
04-614-MACH BAO NGOC(34-54)049,https://doi.org/10.22144/ctujoisd.2023.049,10.22144/ctujoisd.2023.049
04-635-TRAN TRUNG GIANG(28-35)259,https://doi.org/10.22144/ctujoisd.2024.259,10.22144/ctujoisd.2024.259
04-678-NGUYEN MINH TUAN(30-38)032,https://doi.org/10.22144/ctujoisd.2023.032,10.22144/ctujoisd.2023.032
04-725-TRAN THI NGOC NHUNG(32-41)289,https://doi.org/10.22144/ctujoisd.2024.289,10.22144/ctujoisd.2024.289
04-783-VAN TUAN CAO(33-43)304,https://doi.org/10.22144/ctujoisd.2024.304,10.22144/ctujoisd.2024.304
04-846-TRONG PHUOC HUYNH(20-27)277,https://doi.org/10.22144/ctujoisd.2024.277,10.22144/ctujoisd.2024.277
04-AE-NGUYEN DINH TRUNG(20-27)39,https://doi.org/10.22144/ctu.jen.2016.039,10.22144/ctu.jen.2016.039
04-AE-TRUONG PHONG TUYEN(19-26),,
04-AG-NGUYEN VAN VINH(23-30)023,https://doi.org/10.22144/ctu.jen.2017.023,10.22144/ctu.jen.2017.023
04-AV-NGUYEN THI KIM DONG(19-24),https://doi.org/10.22144/ctu.jen.2016.019,10.22144/ctu.jen.2016.019
04-AV-NGUYEN VAN THU(30-35)004,https://doi.org/10.22144/ctu.jen.2019.004,10.22144/ctu.jen.2019.004
04-AV-TRAN NGOC BICH(23-29)037,https://doi.org/10.22144/ctu.jen.2021.037,10.22144/ctu.jen.2021.037
04-BE-VO NAM SON(24-38)004,https://doi.org/10.22144/ctu.jen.2021.004,10.22144/ctu.jen.2021.004
04-BT-HOANG THI NGOC NHON(22-30)020,https://doi.org/10.22144/ctu.jen.2019.020,10.22144/ctu.jen.2019.020
04-BT-LE THI KIM LOAN(28-35)035,https://doi.org/10.22144/ctu.jen.2019.035,10.22144/ctu.jen.2019.035
04-CE-PHUONG HOANG YEN(30-38)004,https://doi.org/10.22144/ctu.jen.2017.004,10.22144/ctu.jen.2017.004
04-DINH XUAN HUNG(26-31)027,https://doi.org/10.22144/ctu.jen.2021.027,10.22144/ctu.jen.2021.027
04-E4-HUYNH THI THUY AN(26-33)091,https://doi.org/10.22144/ctu.jsi.2018.091,10.22144/ctu.jsi.2018.091
04-EC-LA HONG LIEN(24-36)035,https://doi.org/10.22144/ctu.jen.2018.035,10.22144/ctu.jen.2018.035
04-ED-HUYNH NGOC TUYEN(20-30),,
04-ED-LUU NGUYEN QUOC HUNG(30-36)004,https://doi.org/10.22144/ctu.jen.2020.004,10.22144/ctu.jen.2020.004
04-ED-NGO MY TRAN(27-37)021,https://doi.org/10.22144/ctu.jen.2020.021,10.22144/ctu.jen.2020.021
04-ED-NGUYEN VAN PHUC(23-29)020,https://doi.org/10.22144/ctu.jen.2018.020,10.22144/ctu.jen.2018.020
04-ED-PHUONG HOANG YEN(25-32)012,https://doi.org/10.22144/ctu.jen.2020.012,10.22144/ctu.jen.2020.012
04-ET-HUYNH QUOC KHANH(35-42)004,https://doi.org/10.22144/ctu.jen.2022.004,10.22144/ctu.jen.2022.004
04-ET-NGO SI HUY(28-36)017,https://doi.org/10.22144/ctu.jen.2022.017,10.22144/ctu.jen.2022.017
04-FI-TRUONG HOANG MINH(27-34)004,https://doi.org/10.22144/ctu.jen.2018.004,10.22144/ctu.jen.2018.004
05-1136-HOANG TU VO(35-41)320,https://doi.org/10.22144/ctujoisd.2024.320,10.22144/ctujoisd.2024.320
05-510-ET-TRAN VU AN(41-48)005,https://doi.org/10.22144/ctu.jen.2023.005,10.22144/ctu.jen.2023.005
05-595-A-LAM THANH TOAN(35-44)018,https://doi.org/10.22144/ctu.jen.2023.018,10.22144/ctu.jen.2023.018
05-624-AWOJIDE SHOLA(55-63)050,https://doi.org/10.22144/ctujoisd.2023.050,10.22144/ctujoisd.2023.050
05-641-NGUYEN THI HUYNH PHUONG(36-47)272,https://doi.org/10.22144/ctujoisd.2024.272,10.22144/ctujoisd.2024.272
05-680-VU DUC VINH(39-46)033,https://doi.org/10.22144/ctujoisd.2023.033,10.22144/ctujoisd.2023.033
05-744-Jacob Frederick P. Velza(42-56)290,https://doi.org/10.22144/ctujoisd.2024.290,10.22144/ctujoisd.2024.290
05-799-NGUYEN NHAT TAN(44-49)305,https://doi.org/10.22144/ctujoisd.2024.305,10.22144/ctujoisd.2024.305
05-848-TAN HUNG NGUYEN(28-34)278,https://doi.org/10.22144/ctujoisd.2024.278,10.22144/ctujoisd.2024.278
05-AE-NGUYEN VAN CAN(28-35)40,https://doi.org/10.22144/ctu.jen.2016.040,10.22144/ctu.jen.2016.040
05-AE-VAN PHAM DANG TRI(27-32),,
05-AG-LE VAN VANG(35-39)005,https://doi.org/10.22144/ctu.jen.2018.005,10.22144/ctu.jen.2018.005
05-AG-TRAN VIET QUYEN(31-37)024,https://doi.org/10.22144/ctu.jen.2017.024,10.22144/ctu.jen.2017.024
05-AV-TIEN NGOC TIEN(36-41)005,https://doi.org/10.22144/ctu.jen.2019.005,10.22144/ctu.jen.2019.005
05-AV-TRUONG THANH TRUNG(25-31),https://doi.org/10.22144/ctu.jen.2016.020,10.22144/ctu.jen.2016.020
05-BT-BANG HONG LAM(39-47)005,https://doi.org/10.22144/ctu.jen.2021.005,10.22144/ctu.jen.2021.005
05-BT-LE THI KIEU PHUONG(31-37)021,https://doi.org/10.22144/ctu.jen.2019.021,10.22144/ctu.jen.2019.021
05-BT-NGUYEN HOANG MINH SANG(36-41)036,https://doi.org/10.22144/ctu.jen.2019.036,10.22144/ctu.jen.2019.036
05-DE-LE TIN(39-46)005,https://doi.org/10.22144/ctu.jen.2017.005,10.22144/ctu.jen.2017.005
05-E6-LE THI THU VAN(34-38)092,https://doi.org/10.22144/ctu.jsi.2018.092,10.22144/ctu.jsi.2018.092
05-EC-PHAN VAN PHUC(37-44)036,https://doi.org/10.22144/ctu.jen.2018.036,10.22144/ctu.jen.2018.036
05-ED-NGUYEN ANH THI(30-38)038,https://doi.org/10.22144/ctu.jen.2021.038,10.22144/ctu.jen.2021.038
05-ED-NGUYEN ANH THI(38-46)022,https://doi.org/10.22144/ctu.jen.2020.022,10.22144/ctu.jen.2020.022
05-ED-NGUYEN THI HUYEN(37-44)005,https://doi.org/10.22144/ctu.jen.2020.005,10.22144/ctu.jen.2020.005
05-ED-PHAM NGOC NHAN(31-36),,
05-ED-PHUONG HOANG YEN(30-37)021,https://doi.org/10.22144/ctu.jen.2018.021,10.22144/ctu.jen.2018.021
05-ET-NGO TRUONG NGOC MAI(43-53)005,https://doi.org/10.22144/ctu.jen.2022.005,10.22144/ctu.jen.2022.005
05-FI-DANG THI HOANG OANH(37-45)019,https://doi.org/10.22144/ctu.jen.2022.019,10.22144/ctu.jen.2022.019
05-FT-LIEU MY DONG(33-39)013,https://doi.org/10.22144/ctu.jen.2020.013,10.22144/ctu.jen.2020.013
05-NGUYEN THI VAN(32-42)028,https://doi.org/10.22144/ctu.jen.2021.028,10.22144/ctu.jen.2021.028
06-1137-Abtahi Ahmed(42-51)321,https://doi.org/10.22144/ctujoisd.2024.321,10.22144/ctujoisd.2024.321
06-477-IT-NGUYEN BAO TRAN(49-57)006,https://doi.org/10.22144/ctu.jen.2023.006,10.22144/ctu.jen.2023.006
06-516-B-PHAM THI HUONG THAO(45-50)019,https://doi.org/10.22144/ctu.jen.2023.019,10.22144/ctu.jen.2023.019
06-625-CAO LUU NGOC HANH(64-71)051,https://doi.org/10.22144/ctujoisd.2023.051,10.22144/ctujoisd.2023.051
06-650-NGUYEN THI THUY NGAN(48-65)266,https://doi.org/10.22144/ctujoisd.2024.266,10.22144/ctujoisd.2024.266
06-684-PHAN YEN NGAN NGUYEN(47-55)034,https://doi.org/10.22144/ctujoisd.2023.034,10.22144/ctujoisd.2023.034
06-761-TRAN NHUT THANH(57-65)291,https://doi.org/10.22144/ctujoisd.2024.291,10.22144/ctujoisd.2024.291
06-792-LE ANH TUAN(35-43)279,https://doi.org/10.22144/ctujoisd.2024.279,10.22144/ctujoisd.2024.279
06-830-Divina Gracia S. Sabio(50-63)306,https://doi.org/10.22144/ctujoisd.2024.306,10.22144/ctujoisd.2024.306
06-AE-NGUYEN VAN KHANH(36-45)41,https://doi.org/10.22144/ctu.jen.2016.041,10.22144/ctu.jen.2016.041
06-AG-VO THANH PHONG(38-46)025,https://doi.org/10.22144/ctu.jen.2017.025,10.22144/ctu.jen.2017.025
06-AV-TRAN NGOC BICH(40-45)006,https://doi.org/10.22144/ctu.jen.2018.006,10.22144/ctu.jen.2018.006
06-BE-LE THI MEN(33-38),,
06-BT-NGO THI PHUONG DUNG(32-37),https://doi.org/10.22144/ctu.jen.2016.021,10.22144/ctu.jen.2016.021
06-BT-NGUYEN LE ANH KHOA(38-43)022,https://doi.org/10.22144/ctu.jen.2019.022,10.22144/ctu.jen.2019.022
06-BT-TRAN THANH THAO(42-48)037,https://doi.org/10.22144/ctu.jen.2019.037,10.22144/ctu.jen.2019.037
06-CE-LE THANH THAO(48-56)006,https://doi.org/10.22144/ctu.jen.2021.006,10.22144/ctu.jen.2021.006
06-DE-NGUYEN THI HUYNH PHUONG(47-58)006,https://doi.org/10.22144/ctu.jen.2017.006,10.22144/ctu.jen.2017.006
06-E7-LE THI XA(39-48)093,https://doi.org/10.22144/ctu.jsi.2018.093,10.22144/ctu.jsi.2018.093
06-ED-BUI LE DIEM(42-48)006,https://doi.org/10.22144/ctu.jen.2019.006,10.22144/ctu.jen.2019.006
06-ED-DANG VU HOAI NHAN(45-53)037,https://doi.org/10.22144/ctu.jen.2018.037,10.22144/ctu.jen.2018.037
06-ED-NGUYEN THI KIEU DIEM(39-47)039,https://doi.org/10.22144/ctu.jen.2021.039,10.22144/ctu.jen.2021.039
06-ED-PHUONG HOANG YEN(37-45),,
06-ED-VO PHUONG QUYEN(38-44)022,https://doi.org/10.22144/ctu.jen.2018.022,10.22144/ctu.jen.2018.022
06-ET-DANG HUYNH GIAO(47-53)023,https://doi.org/10.22144/ctu.jen.2020.023,10.22144/ctu.jen.2020.023
06-ET-NGUYEN HUU QUANG(54-61)006,https://doi.org/10.22144/ctu.jen.2022.006,10.22144/ctu.jen.2022.006
06-ET-NGUYEN VAN DAT(45-49)006,https://doi.org/10.22144/ctu.jen.2020.006,10.22144/ctu.jen.2020.006
06-FI-HOANG QUANG BINH(46-60)011,https://doi.org/10.22144/ctu.jen.2022.011,10.22144/ctu.jen.2022.011
06-NS-LE THI BACH(40-44)014,https://doi.org/10.22144/ctu.jen.2020.014,10.22144/ctu.jen.2020.014
06-PHAN VAN LONG EM(43-51)029,https://doi.org/10.22144/ctu.jen.2021.029,10.22144/ctu.jen.2021.029
07-1146-NGO MINH TAN(52-57)322,https://doi.org/10.22144/ctujoisd.2024.322,10.22144/ctujoisd.2024.322
"07-478-FI-Gabito, Porfirio P(58-63)007",https://doi.org/10.22144/ctu.jen.2023.007,10.22144/ctu.jen.2023.007
07-550-B-NGUYEN VAN MANH(51-59)020,https://doi.org/10.22144/ctu.jen.2023.020,10.22144/ctu.jen.2023.020
07-626-NGUYEN VAN THONG(72-80)052,https://doi.org/10.22144/ctujoisd.2023.052,10.22144/ctujoisd.2023.052
07-652-PHAM HONG HAI(66-75)269,https://doi.org/10.22144/ctujoisd.2024.269,10.22144/ctujoisd.2024.269
07-685-QUOC DINH TRUONG(56-61)035,https://doi.org/10.22144/ctujoisd.2023.035,10.22144/ctujoisd.2023.035
07-773-TRAN THI NGOC NHUNG(66-74)292,https://doi.org/10.22144/ctujoisd.2024.292,10.22144/ctujoisd.2024.292
07-804-PHAM HUU HA GIANG(44-50)280,https://doi.org/10.22144/ctujoisd.2024.280,10.22144/ctujoisd.2024.280
07-850-TRONG PHUOC HUYNH(64-70)307,https://doi.org/10.22144/ctujoisd.2024.307,10.22144/ctujoisd.2024.307
07-AE-TRAN THI BICH QUYEN(46-51)42,https://doi.org/10.22144/ctu.jen.2016.042,10.22144/ctu.jen.2016.042
07-AV-NGUYEN THI MONG DIEP(47-55)026,https://doi.org/10.22144/ctu.jen.2017.026,10.22144/ctu.jen.2017.026
07-BE-LE THI MINH THUY(39-46),,
07-BT-NGUYEN NGOC THANH TIEN(44-50)023,https://doi.org/10.22144/ctu.jen.2019.023,10.22144/ctu.jen.2019.023
07-CE-LUU NGUYEN QUOC HUNG(57-65)007,https://doi.org/10.22144/ctu.jen.2021.007,10.22144/ctu.jen.2021.007
07-DE-VUONG QUOC DUY(59-64)007,https://doi.org/10.22144/ctu.jen.2017.007,10.22144/ctu.jen.2017.007
07-E8-LE VAN PHONG(49-53)094,https://doi.org/10.22144/ctu.jsi.2018.094,10.22144/ctu.jsi.2018.094
07-EC-NGUYEN PHAM THANH NAM(46-55)007,https://doi.org/10.22144/ctu.jen.2018.007,10.22144/ctu.jen.2018.007
07-EC-PHAN ANH TU(38-48),https://doi.org/10.22144/ctu.jen.2016.022,10.22144/ctu.jen.2016.022
07-ED-DO THANH NHAN(49-56)038,https://doi.org/10.22144/ctu.jen.2019.038,10.22144/ctu.jen.2019.038
07-ED-DUONG HUU TONG(54-62)038,https://doi.org/10.22144/ctu.jen.2018.038,10.22144/ctu.jen.2018.038
07-ED-PHUONG HOANG YEN(49-59)007,https://doi.org/10.22144/ctu.jen.2019.007,10.22144/ctu.jen.2019.007
07-EN-NGUYEN DINH GIANG NAM(45-51)023,https://doi.org/10.22144/ctu.jen.2018.023,10.22144/ctu.jen.2018.023
07-EN-TON NU LIEN HUONG(46-49),,
07-ET-LUONG HUYNH VU THANH(54-65)024,https://doi.org/10.22144/ctu.jen.2020.024,10.22144/ctu.jen.2020.024
07-ET-NGUYEN NHU TUONG AN(62-73)007,https://doi.org/10.22144/ctu.jen.2022.007,10.22144/ctu.jen.2022.007
07-ET-NGUYEN THI NHU Y(48-57)040,https://doi.org/10.22144/ctu.jen.2021.040,10.22144/ctu.jen.2021.040
07-ET-PHAM VAN HUNG(50-57)007,https://doi.org/10.22144/ctu.jen.2020.007,10.22144/ctu.jen.2020.007
07-FI-TRAN THI THANH HIEN(61-72)016,https://doi.org/10.22144/ctu.jen.2022.016,10.22144/ctu.jen.2022.016
07-NS-NGUYEN DIEN TRUNG(45-52)015,https://doi.org/10.22144/ctu.jen.2020.015,10.22144/ctu.jen.2020.015
07-TRAN KHOA NGUYEN(52-60)030,https://doi.org/10.22144/ctu.jen.2021.030,10.22144/ctu.jen.2021.030
08-1148-HO NGOC TON(58-68)323,https://doi.org/10.22144/ctujoisd.2024.323,10.22144/ctujoisd.2024.323
08-479-NS-TRAN THANH TUAN(64-70)008,https://doi.org/10.22144/ctu.jen.2023.008,10.22144/ctu.jen.2023.008
08-586-B-DO TAN KHANG(60-67)021,https://doi.org/10.22144/ctu.jen.2023.021,10.22144/ctu.jen.2023.021
08-630-CHERY FERNANDEZ(81-91)053,https://doi.org/10.22144/ctujoisd.2023.053,10.22144/ctujoisd.2023.053
08-655-LONG DUONG(76-87)260,https://doi.org/10.22144/ctujoisd.2024.260,10.22144/ctujoisd.2024.260
08-693-HONG QUAN NGUYEN(62-75)036,https://doi.org/10.22144/ctujoisd.2023.036,10.22144/ctujoisd.2023.036
08-768-VU AN TRAN(51-57)281,https://doi.org/10.22144/ctujoisd.2024.281,10.22144/ctujoisd.2024.281
08-819-Peter Sanjo Adewale(75-84)293,https://doi.org/10.22144/ctujoisd.2024.293,10.22144/ctujoisd.2024.293
08-855-PHAN THI ANH TUYET(71-83)308,https://doi.org/10.22144/ctujoisd.2024.308,10.22144/ctujoisd.2024.308
08-AE-BUI THUY VY(65-79)008,https://doi.org/10.22144/ctu.jen.2017.008,10.22144/ctu.jen.2017.008
08-AE-TRAN VAN DUNG(52-62)43,https://doi.org/10.22144/ctu.jen.2016.043,10.22144/ctu.jen.2016.043
08-AV-TRAN NGOC BICH(56-62)027,https://doi.org/10.22144/ctu.jen.2017.027,10.22144/ctu.jen.2017.027
08-BE-NGO THI PHUONG DUNG(47-52),,
08-CE-NGO VAN THIEN(66-70)008,https://doi.org/10.22144/ctu.jen.2021.008,10.22144/ctu.jen.2021.008
08-E9-NGUYEN DUY TAN(54-61)095,https://doi.org/10.22144/ctu.jsi.2018.095,10.22144/ctu.jsi.2018.095
08-ED-DOAN THI LOAN(56-66)008,https://doi.org/10.22144/ctu.jen.2018.008,10.22144/ctu.jen.2018.008
08-ED-DUONG DOAN TRANG(49-56),https://doi.org/10.22144/ctu.jen.2016.023,10.22144/ctu.jen.2016.023
08-ED-LE TRAN THANH LIEM(63-69)039,https://doi.org/10.22144/ctu.jen.2018.039,10.22144/ctu.jen.2018.039
08-ED-PHUONG HOANG YEN(57-64)039,https://doi.org/10.22144/ctu.jen.2019.039,10.22144/ctu.jen.2019.039
08-ED-TRAN THI THANH QUYEN(51-60)024,https://doi.org/10.22144/ctu.jen.2019.024,10.22144/ctu.jen.2019.024
08-ET-NGUYEN KIM CHUNG(52-58)024,https://doi.org/10.22144/ctu.jen.2018.024,10.22144/ctu.jen.2018.024
08-ET-NGUYEN NHUT TIEN(50-62),,
08-ET-NGUYEN VAN DAT(60-63)008,https://doi.org/10.22144/ctu.jen.2019.008,10.22144/ctu.jen.2019.008
08-FI-NGUYEN THI KIM MY(66-72)025,https://doi.org/10.22144/ctu.jen.2020.025,10.22144/ctu.jen.2020.025
08-FT-DUONG THI NGOC DIEP(58-65)041,https://doi.org/10.22144/ctu.jen.2021.041,10.22144/ctu.jen.2021.041
08-FT-DUONG THI NGOC DIEP(74-80)008,https://doi.org/10.22144/ctu.jen.2022.008,10.22144/ctu.jen.2022.008
08-NS-BUI THI BUU HUE(73-82)020,https://doi.org/10.22144/ctu.jen.2022.020,10.22144/ctu.jen.2022.020
08-NS-NGO QUOC LUAN(58-62)008,https://doi.org/10.22144/ctu.jen.2020.008,10.22144/ctu.jen.2020.008
08-NS-NGUYEN QUOC DUNG(53-59)016,https://doi.org/10.22144/ctu.jen.2020.016,10.22144/ctu.jen.2020.016
08-TRUONG MINH UT(61-68)031,https://doi.org/10.22144/ctu.jen.2021.031,10.22144/ctu.jen.2021.031
09-1156-DUONG TUAN ANH(69-79)324,https://doi.org/10.22144/ctujoisd.2024.324,10.22144/ctujoisd.2024.324
09-480-NS-NGUYEN THI HONG(71-78)009,https://doi.org/10.22144/ctu.jen.2023.009,10.22144/ctu.jen.2023.009
09-551-C-NGUYEN THI KHANH DOAN(68-78)022,https://doi.org/10.22144/ctu.jen.2023.022,10.22144/ctu.jen.2023.022
09-637-NGO TRUONG NGOC MAI(92-102)054,https://doi.org/10.22144/ctujoisd.2023.054,10.22144/ctujoisd.2023.054
09-656-HUYNH THI PHUONG LOAN(88-96)263,https://doi.org/10.22144/ctujoisd.2024.263,10.22144/ctujoisd.2024.263
09-702-LAM MINH DUNG(76-82)037,https://doi.org/10.22144/ctujoisd.2023.037,10.22144/ctujoisd.2023.037
09-808-PHAM HUU HA GIANG(58-63)282,https://doi.org/10.22144/ctujoisd.2024.282,10.22144/ctujoisd.2024.282
09-820-Dyanika P. Nolasco(85-95)294,https://doi.org/10.22144/ctujoisd.2024.294,10.22144/ctujoisd.2024.294
09-860-Oluwakemi Tovide(84-91)309,https://doi.org/10.22144/ctujoisd.2024.309,10.22144/ctujoisd.2024.309
09-AE-KIM LAVANE(80-86)009,https://doi.org/10.22144/ctu.jen.2017.009,10.22144/ctu.jen.2017.009
09-BE-DO TAN KHANG(63-70)44,https://doi.org/10.22144/ctu.jen.2016.044,10.22144/ctu.jen.2016.044
09-BE-NGUYEN MINH THUY(53-60),,
09-DE-NGUYEN QUANG TRUNG(71-77)009,https://doi.org/10.22144/ctu.jen.2021.009,10.22144/ctu.jen.2021.009
09-E10-NGUYEN HONG THAO(62-71)096,https://doi.org/10.22144/ctu.jsi.2018.096,10.22144/ctu.jsi.2018.096
09-ED-LE TRAN THANH LIEM(67-74)009,https://doi.org/10.22144/ctu.jen.2018.009,10.22144/ctu.jen.2018.009
09-EN-CHAU THI ANH THY(70-80)040,https://doi.org/10.22144/ctu.jen.2018.040,10.22144/ctu.jen.2018.040
09-ET-DOAN VAN HONG THIEN(63-68)028,https://doi.org/10.22144/ctu.jen.2017.028,10.22144/ctu.jen.2017.028
09-ET-LE THANH PHONG(65-74)040,https://doi.org/10.22144/ctu.jen.2019.040,10.22144/ctu.jen.2019.040
09-ET-NGO QUOC LUAN(57-60),https://doi.org/10.22144/ctu.jen.2016.024,10.22144/ctu.jen.2016.024
09-ET-NGUYEN TRUNG TRUC(63-68),,
09-ET-NGUYEN VAN DAT(61-68)025,https://doi.org/10.22144/ctu.jen.2019.025,10.22144/ctu.jen.2019.025
09-ET-TRAN THI BICH QUYEN(64-69)009,https://doi.org/10.22144/ctu.jen.2019.009,10.22144/ctu.jen.2019.009
09-FI-DINH XUAN HUNG(59-64)025,https://doi.org/10.22144/ctu.jen.2018.025,10.22144/ctu.jen.2018.025
09-FT-DUONG THI NGOC DIEP1(81-90)009,https://doi.org/10.22144/ctu.jen.2022.009,10.22144/ctu.jen.2022.009
09-LA-NGUYEN THI BAO ANH(73-79)026,https://doi.org/10.22144/ctu.jen.2020.026,10.22144/ctu.jen.2020.026
09-NS-BUI THI BUU HUE(83-92)021,https://doi.org/10.22144/ctu.jen.2022.021,10.22144/ctu.jen.2022.021
09-NS-LE THI BACH(66-70)042,https://doi.org/10.22144/ctu.jen.2021.042,10.22144/ctu.jen.2021.042
09-NS-NGUYEN THI HONG(60-67)017,https://doi.org/10.22144/ctu.jen.2020.017,10.22144/ctu.jen.2020.017
09-VO DINH LE TAM(69-76)032,https://doi.org/10.22144/ctu.jen.2021.032,10.22144/ctu.jen.2021.032
10-1160-NGO HO ANH KHOA(80-90)325,https://doi.org/10.22144/ctujoisd.2024.325,10.22144/ctujoisd.2024.325
10-481-NS-LE THI BACH(79-83)010,https://doi.org/10.22144/ctu.jen.2023.010,10.22144/ctu.jen.2023.010
10-554-C-LE XUAN MAI(79-91)023,https://doi.org/10.22144/ctu.jen.2023.023,10.22144/ctu.jen.2023.023
10-642-PHAN NGUYEN TRANG(103-109)055,https://doi.org/10.22144/ctujoisd.2023.055,10.22144/ctujoisd.2023.055
10-658-PHAM BICH NHU(97-105)268,https://doi.org/10.22144/ctujoisd.2024.268,10.22144/ctujoisd.2024.268
10-703-NGUYEN MINH KHIEM(83-92)038,https://doi.org/10.22144/ctujoisd.2023.038,10.22144/ctujoisd.2023.038
10-810-QUOC PHONG HO(64-73)283,https://doi.org/10.22144/ctujoisd.2024.283,10.22144/ctujoisd.2024.283
10-822-HO BICH NHU(96-104)295,https://doi.org/10.22144/ctujoisd.2024.295,10.22144/ctujoisd.2024.295
10-925-NGUYEN MINH NHUT(92-101)310,https://doi.org/10.22144/ctujoisd.2024.310,10.22144/ctujoisd.2024.310
10-AE-NGUYEN DINH TRUNG(87-94)010,https://doi.org/10.22144/ctu.jen.2017.010,10.22144/ctu.jen.2017.010
10-BE-HUYNH TRUONG GIANG(71-80)45,https://doi.org/10.22144/ctu.jen.2016.045,10.22144/ctu.jen.2016.045
10-BE-NGUYEN THI MY TUYEN(61-68),,
10-E14-NGUYEN THI KIM DONG(72-78)097,https://doi.org/10.22144/ctu.jsi.2018.097,10.22144/ctu.jsi.2018.097
10-ED-NGUYEN NGOC QUYEN(75-83)010,https://doi.org/10.22144/ctu.jen.2018.010,10.22144/ctu.jen.2018.010
10-ET-DANG HUYNH GIAO(78-84)010,https://doi.org/10.22144/ctu.jen.2021.010,10.22144/ctu.jen.2021.010
10-ET-HUYNH TRONG PHUOC(69-73)029,https://doi.org/10.22144/ctu.jen.2017.029,10.22144/ctu.jen.2017.029
10-ET-NGUYEN THI HONG(81-87)041,https://doi.org/10.22144/ctu.jen.2018.041,10.22144/ctu.jen.2018.041
10-ET-TRAN THI BICH QUYEN(61-70),https://doi.org/10.22144/ctu.jen.2016.025,10.22144/ctu.jen.2016.025
10-ET-VO TRAN THI BICH CHAU(69-80)026,https://doi.org/10.22144/ctu.jen.2019.026,10.22144/ctu.jen.2019.026
10-FI-DUONG THUY YEN(70-77)010,https://doi.org/10.22144/ctu.jen.2019.010,10.22144/ctu.jen.2019.010
10-FI-HUYNH TRUONG GIANG(69-76),,
10-FI-NGUYEN THI NGOC ANH(65-71)026,https://doi.org/10.22144/ctu.jen.2018.026,10.22144/ctu.jen.2018.026
10-IT-TRAN TUAN MINH(91-98)010,https://doi.org/10.22144/ctu.jen.2022.010,10.22144/ctu.jen.2022.010
10-NS-NGO QUOC LUAN(71-78)043,https://doi.org/10.22144/ctu.jen.2021.043,10.22144/ctu.jen.2021.043
10-NS-NGUYEN DIEN TRUNG(93-98)014,https://doi.org/10.22144/ctu.jen.2022.014,10.22144/ctu.jen.2022.014
10-NS-RAHEN MAHMUDA(80-84)027,https://doi.org/10.22144/ctu.jen.2020.027,10.22144/ctu.jen.2020.027
10-NS-TRAN THI THANH BINH(75-82)041,https://doi.org/10.22144/ctu.jen.2019.041,10.22144/ctu.jen.2019.041
10-VO VAN SONG TOAN(77-84)033,https://doi.org/10.22144/ctu.jen.2021.033,10.22144/ctu.jen.2021.033
101-Huynh Xuan Phong(1-6),,
102-Le Thi Ngoc Ly(7-10),,
103_TRAN LAN PHUONG(11-17),,
11-1165-NGUYEN MINH KHIEM(91-97)326,https://doi.org/10.22144/ctujoisd.2024.326,10.22144/ctujoisd.2024.326
11-483-NS-NGO THANH PHONG(84-90)011,https://doi.org/10.22144/ctu.jen.2023.011,10.22144/ctu.jen.2023.011
11-587-C-NOLASCO DYANIKA(92-102)024,https://doi.org/10.22144/ctu.jen.2023.024,10.22144/ctu.jen.2023.024
11-649-NGUYEN THI MY LINH(110-124)056,https://doi.org/10.22144/ctujoisd.2023.056,10.22144/ctujoisd.2023.056
11-659-THANH NGOC NGUYEN(106-113)270,https://doi.org/10.22144/ctujoisd.2024.270,10.22144/ctujoisd.2024.270
11-707-KOUSHIK ROY(93-101)039,https://doi.org/10.22144/ctujoisd.2023.039,10.22144/ctujoisd.2023.039
11-825-Liriolyn B. Pacursa(105-115)296,https://doi.org/10.22144/ctujoisd.2024.296,10.22144/ctujoisd.2024.296
11-847-LE HOANG(74-82)284,https://doi.org/10.22144/ctujoisd.2024.284,10.22144/ctujoisd.2024.284
11-948-NGUYEN VO AI MI(102-111)311,https://doi.org/10.22144/ctujoisd.2024.311,10.22144/ctujoisd.2024.311
11-AE-NGUYEN TRUNG THANH(95-100)011,https://doi.org/10.22144/ctu.jen.2017.011,10.22144/ctu.jen.2017.011
11-BE-LAM THI VIET HA(81-86)46,https://doi.org/10.22144/ctu.jen.2016.046,10.22144/ctu.jen.2016.046
11-BE-NGUYEN VAN THU(69-80),,
11-E16-PHAN THI BICH TRAM(79-87)098,https://doi.org/10.22144/ctu.jsi.2018.098,10.22144/ctu.jsi.2018.098
11-ED-PHAM THI THANH THUY(84-89)011,https://doi.org/10.22144/ctu.jen.2018.011,10.22144/ctu.jen.2018.011
11-ET-LUU TRONG HIEU(74-82)030,https://doi.org/10.22144/ctu.jen.2017.030,10.22144/ctu.jen.2017.030
11-ET-NGUYEN THI NGOC TRAN(88-95)042,https://doi.org/10.22144/ctu.jen.2018.042,10.22144/ctu.jen.2018.042
11-FI-DUONG THUY YEN(81-88)027,https://doi.org/10.22144/ctu.jen.2019.027,10.22144/ctu.jen.2019.027
11-FI-NGO THI THU THAO(78-86)011,https://doi.org/10.22144/ctu.jen.2019.011,10.22144/ctu.jen.2019.011
11-FI-NGUYEN PHUONG NGOC DOAN(77-83),,
11-FI-VU NGOC UT(71-78),https://doi.org/10.22144/ctu.jen.2016.026,10.22144/ctu.jen.2016.026
11-NS-HUYNH DUC QUOC(72-76)027,https://doi.org/10.22144/ctu.jen.2018.027,10.22144/ctu.jen.2018.027
11-NS-NGUYEN TRUNG HAU(99-108)013,https://doi.org/10.22144/ctu.jen.2022.013,10.22144/ctu.jen.2022.013
11-NS-SUKUMAR BEPARY(85-89)028,https://doi.org/10.22144/ctu.jen.2020.028,10.22144/ctu.jen.2020.028
11-SE-HUYNH THI DAN XUAN(79-88)044,https://doi.org/10.22144/ctu.jen.2021.044,10.22144/ctu.jen.2021.044
12-1171-HAI THANH NGUYEN(98-106)327,https://doi.org/10.22144/ctujoisd.2024.327,10.22144/ctujoisd.2024.327
12-496-NS-NGO QUOC LUAN(91-97)012,https://doi.org/10.22144/ctu.jen.2023.012,10.22144/ctu.jen.2023.012
12-548-D-NGUYEN DANH NAM(103-115)025,https://doi.org/10.22144/ctu.jen.2023.025,10.22144/ctu.jen.2023.025
12-661-PHUONG QUY CHAU(114-121)271,https://doi.org/10.22144/ctujoisd.2024.271,10.22144/ctujoisd.2024.271
12-669-NGUYEN PHU QUY(125-129)057,https://doi.org/10.22144/ctujoisd.2023.057,10.22144/ctujoisd.2023.057
12-715-NGUYEN TRAN DIEM HANH(102-109)040,https://doi.org/10.22144/ctujoisd.2023.040,10.22144/ctujoisd.2023.040
12-797-LUONG VINH QUOC DANH(83-93)285,https://doi.org/10.22144/ctujoisd.2024.285,10.22144/ctujoisd.2024.285
12-827-Osahon Idemudia(116-130)297,https://doi.org/10.22144/ctujoisd.2024.297,10.22144/ctujoisd.2024.297
12-867-Ilaboya Idowu Rudolph(112-123)312,https://doi.org/10.22144/ctujoisd.2024.312,10.22144/ctujoisd.2024.312
12-AE-NGUYEN VAN DAT(101-108)012,https://doi.org/10.22144/ctu.jen.2017.012,10.22144/ctu.jen.2017.012
12-BE-NGUYEN MINH THUY(87-94)47,https://doi.org/10.22144/ctu.jen.2016.047,10.22144/ctu.jen.2016.047
12-BE-PHAM THANH VU(81-88),,
12-ED-TRAN THI THANH QUYEN(90-97)012,https://doi.org/10.22144/ctu.jen.2018.012,10.22144/ctu.jen.2018.012
12-ET-TRAN THI BICH QUYEN(96-104)043,https://doi.org/10.22144/ctu.jen.2018.043,10.22144/ctu.jen.2018.043
12-FI-LE QUOC VIET(83-92)031,https://doi.org/10.22144/ctu.jen.2017.031,10.22144/ctu.jen.2017.031
12-FI-NGO THI THU THAO(89-96)028,https://doi.org/10.22144/ctu.jen.2019.028,10.22144/ctu.jen.2019.028
12-FI-TRAN THI TUYET HOA(84-89),,
12-FT-TRAN THI MINH THU(87-94)012,https://doi.org/10.22144/ctu.jen.2019.012,10.22144/ctu.jen.2019.012
12-LA-NGUYEN LAN HUONG(79-84),https://doi.org/10.22144/ctu.jen.2016.027,10.22144/ctu.jen.2016.027
12-NS-HUYNH NHU(77-80)028,https://doi.org/10.22144/ctu.jen.2018.028,10.22144/ctu.jen.2018.028
12-SE-NGUYEN THUY TRANG(89-99)045,https://doi.org/10.22144/ctu.jen.2021.045,10.22144/ctu.jen.2021.045
13-509-SH-NGUYEN THI PHI(98-105)013,https://doi.org/10.22144/ctu.jen.2023.013,10.22144/ctu.jen.2023.013
13-583-D-CHAU ANH VU(116-125)026,https://doi.org/10.22144/ctu.jen.2023.026,10.22144/ctu.jen.2023.026
13-673-LUONG QUYNH VU THANH(122-131)261,https://doi.org/10.22144/ctujoisd.2024.261,10.22144/ctujoisd.2024.261
13-689-QUOC BAO TRUONG(110-118)041,https://doi.org/10.22144/ctujoisd.2023.041,10.22144/ctujoisd.2023.041
13-829-Romiro G. Bautista(131-138)298,https://doi.org/10.22144/ctujoisd.2024.298,10.22144/ctujoisd.2024.298
13-877-Mokwenye-Ikebu Ifesinachi(124-139)313,https://doi.org/10.22144/ctujoisd.2024.313,10.22144/ctujoisd.2024.313
13-AE-PHAN HONG PHUONG(109-113)013,https://doi.org/10.22144/ctu.jen.2017.013,10.22144/ctu.jen.2017.013
13-BE-NGUYEN THI THU HUYEN(95-99)48,https://doi.org/10.22144/ctu.jen.2016.048,10.22144/ctu.jen.2016.048
13-BE-PHAN THI THANH QUE(89-95),,
13-ED-VO PHUONG QUYEN(98-105)013,https://doi.org/10.22144/ctu.jen.2018.013,10.22144/ctu.jen.2018.013
13-FI-LY VAN KHANH(105-113)044,https://doi.org/10.22144/ctu.jen.2018.044,10.22144/ctu.jen.2018.044
13-FT-DUONG THI PHUONG LIEN(93-101)032,https://doi.org/10.22144/ctu.jen.2017.032,10.22144/ctu.jen.2017.032
13-FT-NGUYEN DUY TAN(97-105)029,https://doi.org/10.22144/ctu.jen.2019.029,10.22144/ctu.jen.2019.029
13-NS-DUONG QUOC CHANH TIN(85-93),https://doi.org/10.22144/ctu.jen.2016.028,10.22144/ctu.jen.2016.028
13-NS-LA PHAN PHUONG HA(81-87)029,https://doi.org/10.22144/ctu.jen.2018.029,10.22144/ctu.jen.2018.029
13-NS-LAM HOANG CHUONG(95-99)013,https://doi.org/10.22144/ctu.jen.2019.013,10.22144/ctu.jen.2019.013
13-NS-TRAN VAN LY(90-99),,
14-605-D-NGUYEN THUY AN(126-138)027,https://doi.org/10.22144/ctu.jen.2023.027,10.22144/ctu.jen.2023.027
14-699-DAN LE QUOC(132-138)265,https://doi.org/10.22144/ctujoisd.2024.265,10.22144/ctujoisd.2024.265
14-705-NGUYEN DINH THONG(119-125)042,https://doi.org/10.22144/ctujoisd.2023.042,10.22144/ctujoisd.2023.042
14-844-HUYNH KY(139-151)299,https://doi.org/10.22144/ctujoisd.2024.299,10.22144/ctujoisd.2024.299
14-923-Ma. Lorna Degamo Miro(140-149)314,https://doi.org/10.22144/ctujoisd.2024.314,10.22144/ctujoisd.2024.314
14-AE-TRAN THI THAM(114-121)014,https://doi.org/10.22144/ctu.jen.2017.014,10.22144/ctu.jen.2017.014
14-BE-NGUYEN TRI YEN CHI(100-104)49,https://doi.org/10.22144/ctu.jen.2016.049,10.22144/ctu.jen.2016.049
14-CE-TRINH CHI THAM(96-109),,
14-EN-PHAM THANH LUU(106-111)014,https://doi.org/10.22144/ctu.jen.2018.014,10.22144/ctu.jen.2018.014
14-FI-TRAN HOA LY(114-123)045,https://doi.org/10.22144/ctu.jen.2018.045,10.22144/ctu.jen.2018.045
14-FT-NGUYEN DUY TAN(102-110)033,https://doi.org/10.22144/ctu.jen.2017.033,10.22144/ctu.jen.2017.033
14-NS-LAM QUOC ANH(94-101),https://doi.org/10.22144/ctu.jen.2016.029,10.22144/ctu.jen.2016.029
14-NS-LE TRUONG GIANG(100-103)014,https://doi.org/10.22144/ctu.jen.2019.014,10.22144/ctu.jen.2019.014
14-NS-TRAN THANH MEN(106-110)030,https://doi.org/10.22144/ctu.jen.2019.030,10.22144/ctu.jen.2019.030
14-NS-TRAN VU PHUONG(88-90)030,https://doi.org/10.22144/ctu.jen.2018.030,10.22144/ctu.jen.2018.030
14-SE-VO THI THANH LOC(100-111),,
15-620-D-EBUKA NWANKWO(139-147)028,https://doi.org/10.22144/ctu.jen.2023.028,10.22144/ctu.jen.2023.028
15-710-HO DAC HUNG(126-133)043,https://doi.org/10.22144/ctujoisd.2023.043,10.22144/ctujoisd.2023.043
15-753-PHAM NGOC NHU(139-149)273,https://doi.org/10.22144/ctujoisd.2024.273,10.22144/ctujoisd.2024.273
15-858-NGUYEN THI NGOC PHUONG(152-157)300,https://doi.org/10.22144/ctujoisd.2024.300,10.22144/ctujoisd.2024.300
15-987-Henreyna Jane C. Redublado(150-162)315,https://doi.org/10.22144/ctujoisd.2024.315,10.22144/ctujoisd.2024.315
15-BE-NGUYEN DUY TAN(122-131)015,https://doi.org/10.22144/ctu.jen.2017.015,10.22144/ctu.jen.2017.015
15-BE-TRAN MINH PHU(105-113)50,https://doi.org/10.22144/ctu.jen.2016.050,10.22144/ctu.jen.2016.050
15-DE-HUYNH TRUONG HUY(110-115),,
15-FT-NGUYEN MINH THUY(111-120)034,https://doi.org/10.22144/ctu.jen.2017.034,10.22144/ctu.jen.2017.034
15-FT-TONG THI ANH NGOC(124-130)046,https://doi.org/10.22144/ctu.jen.2018.046,10.22144/ctu.jen.2018.046
15-NS-NGUYEN VAN DAT(102-107),https://doi.org/10.22144/ctu.jen.2016.030,10.22144/ctu.jen.2016.030
15-NS-PHAN VAN LONG EM(112-121)015,https://doi.org/10.22144/ctu.jen.2018.015,10.22144/ctu.jen.2018.015
15-PS-NGUYEN KHANH LINH(104-111)015,https://doi.org/10.22144/ctu.jen.2019.015,10.22144/ctu.jen.2019.015
15-SE-VUONG QUOC DUY(112-121),,
15-SH-NGUYEN THI MY HANH(91-97)031,https://doi.org/10.22144/ctu.jen.2018.031,10.22144/ctu.jen.2018.031
15-SH-TRINH CHI THAM(111-122)031,https://doi.org/10.22144/ctu.jen.2019.031,10.22144/ctu.jen.2019.031
16-711-TRUONG MINH THAI(134-141)044,https://doi.org/10.22144/ctujoisd.2023.044,10.22144/ctujoisd.2023.044
16-814-CHARESS-GOLES(150-159)262,https://doi.org/10.22144/ctujoisd.2024.262,10.22144/ctujoisd.2024.262
16-BE-NGUYEN MINH THUY(132-140)016,https://doi.org/10.22144/ctu.jen.2017.016,10.22144/ctu.jen.2017.016
16-CE-AU XUAN SAM(114-127)51,https://doi.org/10.22144/ctu.jen.2016.051,10.22144/ctu.jen.2016.051
16-ED-NGUYEN THI HONG NAM(116-124),,
16-FT-NGUYEN THI THU THUY(121-126)035,https://doi.org/10.22144/ctu.jen.2017.035,10.22144/ctu.jen.2017.035
16-LA-NGUYEN THI BAO ANH(131-137)047,https://doi.org/10.22144/ctu.jen.2018.047,10.22144/ctu.jen.2018.047
16-NS-PHAM VU NHAT(108-115),https://doi.org/10.22144/ctu.jen.2016.031,10.22144/ctu.jen.2016.031
16-SH-NGUYEN HUU LOI(112-116)016,https://doi.org/10.22144/ctu.jen.2019.016,10.22144/ctu.jen.2019.016
16-SH-PHUONG HOANG YEN(122-130)016,https://doi.org/10.22144/ctu.jen.2018.016,10.22144/ctu.jen.2018.016
17-716-NGUYEN PHUOC THANH(142-152)045,https://doi.org/10.22144/ctujoisd.2023.045,10.22144/ctujoisd.2023.045
17-BE-TRAN THI XUAN MAI(141-149)017,https://doi.org/10.22144/ctu.jen.2017.017,10.22144/ctu.jen.2017.017
17-CE-LE THI PHUONG LINH(128-139)52,https://doi.org/10.22144/ctu.jen.2016.052,10.22144/ctu.jen.2016.052
17-FT-PHAN THI THANH QUE(127-139)036,https://doi.org/10.22144/ctu.jen.2017.036,10.22144/ctu.jen.2017.036
17-NS-BUI THI BUU HUE(138-142)048,https://doi.org/10.22144/ctu.jen.2018.048,10.22144/ctu.jen.2018.048
17-NS-TON NU LIEN HUONG(116-119),https://doi.org/10.22144/ctu.jen.2016.032,10.22144/ctu.jen.2016.032
18-BE-TRAN VAN DUNG(150-157)018,https://doi.org/10.22144/ctu.jen.2017.018,10.22144/ctu.jen.2017.018
18-CE-NGUYEN MINH QUANG(140-148)53,https://doi.org/10.22144/ctu.jen.2016.053,10.22144/ctu.jen.2016.053
18-NS-CA NGUYEN ANH KHOA(140-147)037,https://doi.org/10.22144/ctu.jen.2017.037,10.22144/ctu.jen.2017.037
18-NS-DANG MINH TAN(143-148)049,https://doi.org/10.22144/ctu.jen.2018.049,10.22144/ctu.jen.2018.049
18-SE-HUYNH QUANG TIN(120-125),https://doi.org/10.22144/ctu.jen.2016.033,10.22144/ctu.jen.2016.033
19-BE-TRUONG THANH TRUNG(158-165)019,https://doi.org/10.22144/ctu.jen.2017.019,10.22144/ctu.jen.2017.019
19-NS-LE TRUONG GIANG(149-153)050,https://doi.org/10.22144/ctu.jen.2018.050,10.22144/ctu.jen.2018.050
19-NS-TON NU LIEN HUONG(148-152)038,https://doi.org/10.22144/ctu.jen.2017.038,10.22144/ctu.jen.2017.038
19-SH-NGUYEN MINH QUANG(126-132),https://doi.org/10.22144/ctu.jen.2016.034,10.22144/ctu.jen.2016.034
20-NS-NGUYEN VAN MEN(154-159)051,https://doi.org/10.22144/ctu.jen.2018.051,10.22144/ctu.jen.2018.051
20-SE-HO THI NGOC DIEP(153-162)039,https://doi.org/10.22144/ctu.jen.2017.039,10.22144/ctu.jen.2017.039
20-SH-NGUYEN THI HUYNH PHUONG(133-142),https://doi.org/10.22144/ctu.jen.2016.035,10.22144/ctu.jen.2016.035
201-Nguyen Thanh Hai(18-28),,
204-Nguyen Chi Thuan(29-35),,
205-Nguyen Huu Hieu(36-45),,
206-Nguyen Minh Phu(46-51),,
208-Hoang Thi Thu Binh(52-56),,
209-NTTKhanh(57-63),,
21-NS-PHAM VU NHAT(160-167)052,https://doi.org/10.22144/ctu.jen.2018.052,10.22144/ctu.jen.2018.052
21-SE-THAI THANH PHONG(163-171)040,https://doi.org/10.22144/ctu.jen.2017.040,10.22144/ctu.jen.2017.040
210-F.E.Soetaredjo(64-69),,
301-Le Anh Tuan(70-79),,
302-Hong Tin(80-91),,
303-NGUYEN VO CHAU NGAN(92-105),,
304-Le Anh Tuan 1(106-112),,
342-FI-NGUYEN THI NGOC TRAN(1-7)036,https://doi.org/10.22144/ctu.jen.2022.036,10.22144/ctu.jen.2022.036
425-EN-LE VAN TIEN(8-16)037,https://doi.org/10.22144/ctu.jen.2022.037,10.22144/ctu.jen.2022.037
432-FI-UONG THUY YEN(17-24)038,https://doi.org/10.22144/ctu.jen.2022.038,10.22144/ctu.jen.2022.038
440-NS-NGUYEN DUY KHANH(25-31)039,https://doi.org/10.22144/ctu.jen.2022.039,10.22144/ctu.jen.2022.039
448-ED-TRAN THI KHANH LAM(32-39)040,https://doi.org/10.22144/ctu.jen.2022.040,10.22144/ctu.jen.2022.040
452-AG-HUYNH KY(40-44)041,https://doi.org/10.22144/ctu.jen.2022.041,10.22144/ctu.jen.2022.041
461-IT-TRUC TRINH(45-52)042,https://doi.org/10.22144/ctu.jen.2022.042,10.22144/ctu.jen.2022.042
468-AV-NGUYEN VU QUANG(53-64)047,https://doi.org/10.22144/ctu.jen.2022.047,10.22144/ctu.jen.2022.047
472-NS-NGUYEN VAN NGOC(65-71)043,https://doi.org/10.22144/ctu.jen.2022.043,10.22144/ctu.jen.2022.043
490-NS-NGUYEN VAN NGOC(72-77)044,https://doi.org/10.22144/ctu.jen.2022.044,10.22144/ctu.jen.2022.044
512-FI-PHAM NGOC NHU(78-91)045,https://doi.org/10.22144/ctu.jen.2022.045,10.22144/ctu.jen.2022.045
517-DANG MINH QUAN(1-6)022,https://doi.org/10.22144/ctu.jen.2022.022,10.22144/ctu.jen.2022.022
519-LUU TANG PHUC KHANG(7-16)023,https://doi.org/10.22144/ctu.jen.2022.023,10.22144/ctu.jen.2022.023
520-NGUYEN VAN NGOC(17-24)024,https://doi.org/10.22144/ctu.jen.2022.024,10.22144/ctu.jen.2022.024
522-DENSON M LIDAY(25-33)025,https://doi.org/10.22144/ctu.jen.2022.025,10.22144/ctu.jen.2022.025
523-LE NGUYEN LAN THANH(34-39)026,https://doi.org/10.22144/ctu.jen.2022.026,10.22144/ctu.jen.2022.026
524-LE UYEN THANH(40-50)027,https://doi.org/10.22144/ctu.jen.2022.027,10.22144/ctu.jen.2022.027
525-DANG MINH QUAN(51-60)028,https://doi.org/10.22144/ctu.jen.2022.028,10.22144/ctu.jen.2022.028
526-TRAN NGOC BAO TRAM(61-67)029,https://doi.org/10.22144/ctu.jen.2022.029,10.22144/ctu.jen.2022.029
527-LE UYEN THANH(68-73)030,https://doi.org/10.22144/ctu.jen.2022.030,10.22144/ctu.jen.2022.030
528-LE UYEN THANH(74-80)031,https://doi.org/10.22144/ctu.jen.2022.031,10.22144/ctu.jen.2022.031
529-DOAN THI KIEU TIEN(81-85)032,https://doi.org/10.22144/ctu.jen.2022.032,10.22144/ctu.jen.2022.032
530-DINH XUAN TU(86-90)033,https://doi.org/10.22144/ctu.jen.2022.033,10.22144/ctu.jen.2022.033
531-NGUYEN MINH LY(91-98)034,https://doi.org/10.22144/ctu.jen.2022.034,10.22144/ctu.jen.2022.034
545-NGUYEN HONG XUAN(99-106)035,https://doi.org/10.22144/ctu.jen.2022.035,10.22144/ctu.jen.2022.035
AE-CAO NGOC DAN THANH(1-5)041,https://doi.org/10.22144/ctu.jen.2017.041,10.22144/ctu.jen.2017.041
AE-DO THI XUAN(6-12)042,https://doi.org/10.22144/ctu.jen.2017.042,10.22144/ctu.jen.2017.042
AE-NGUYEN DIEN TRUNG(13-18)043,https://doi.org/10.22144/ctu.jen.2017.043,10.22144/ctu.jen.2017.043
AE-NGUYEN HUYNH ANH DUY(19-26)044,https://doi.org/10.22144/ctu.jen.2017.044,10.22144/ctu.jen.2017.044
AE-NGUYEN NGOC TAN(27-32)045,https://doi.org/10.22144/ctu.jen.2017.045,10.22144/ctu.jen.2017.045
AE-NGUYEN THI THU TRAM(33-36)046,https://doi.org/10.22144/ctu.jen.2017.046,10.22144/ctu.jen.2017.046
AE-VO VAN TAI(37-44)047,https://doi.org/10.22144/ctu.jen.2017.047,10.22144/ctu.jen.2017.047
BE-HUYNH KIM DIEU(45-50)048,https://doi.org/10.22144/ctu.jen.2017.048,10.22144/ctu.jen.2017.048
BE-HUYNH NGUYEN NHU THU(51-57)049,https://doi.org/10.22144/ctu.jen.2017.049,10.22144/ctu.jen.2017.049
BE-HUYNH THANH TOI(58-64)050,https://doi.org/10.22144/ctu.jen.2017.050,10.22144/ctu.jen.2017.050
BE-NGO THI THU THAO(65-73)051,https://doi.org/10.22144/ctu.jen.2017.051,10.22144/ctu.jen.2017.051
BE-NGUYEN THI TRUC LINH(74-81)052,https://doi.org/10.22144/ctu.jen.2017.052,10.22144/ctu.jen.2017.052
BE-TRAN NGOC HAI(82-90)053,https://doi.org/10.22144/ctu.jen.2017.053,10.22144/ctu.jen.2017.053
CE-DO THI NGOC NHI(91-99)054,https://doi.org/10.22144/ctu.jen.2017.054,10.22144/ctu.jen.2017.054
CE-LE THI DIEU HA(100-108)055,https://doi.org/10.22144/ctu.jen.2017.055,10.22144/ctu.jen.2017.055
CE-NGAN COLLINS(109-117)056,https://doi.org/10.22144/ctu.jen.2017.056,10.22144/ctu.jen.2017.056
CE-NGUYEN VAN LOI(118-125)057,https://doi.org/10.22144/ctu.jen.2017.057,10.22144/ctu.jen.2017.057
CE-PHAM DINH XUAN THU(126-137)058,https://doi.org/10.22144/ctu.jen.2017.058,10.22144/ctu.jen.2017.058
CE-TRAN THI BE BA(138-147)059,https://doi.org/10.22144/ctu.jen.2017.059,10.22144/ctu.jen.2017.059
CTU-BE-LE HUNG CUONG(92-99)046,https://doi.org/10.22144/ctu.jen.2022.046,10.22144/ctu.jen.2022.046
DE-HUYNH NHUT PHUONG(148-159)060,https://doi.org/10.22144/ctu.jen.2017.060,10.22144/ctu.jen.2017.060
DE-NGUYEN PHAM THANH NAM(160-169)061,https://doi.org/10.22144/ctu.jen.2017.061,10.22144/ctu.jen.2017.061
